themeID,themeName,themeDescription,themeSource,themeBaseDate,isActive,isMain,insertTime,updateTime
1,"4G",,1,"2016-01-20",1,1,"2014-12-10 18:08:34","2016-02-21 09:12:33"
23,"彩票",,1,"2016-01-22",1,1,"2014-12-10 18:08:34","2016-02-21 09:12:33"
27,"传感器",,1,"2016-01-15",1,1,"2014-12-10 18:08:34","2016-02-21 09:12:33"
38,"风电",,1,"2015-01-13",1,1,"2014-12-10 18:08:34","2016-02-21 09:12:34"
40,"复合肥","来自申万行业分类",5,"2011-05-28",1,1,"2014-12-10 18:08:34","2016-02-21 09:12:34"
43,"白酒","来自申万行业分类",5,"2011-05-28",1,1,"2014-12-10 18:08:34","2016-02-21 09:12:34"
44,"特钢","来自申万行业分类",5,"2011-05-28",1,1,"2014-12-10 18:08:34","2016-02-21 09:12:34"
46,"银行","来自申万行业分类",5,"2011-05-28",1,1,"2014-12-10 18:08:34","2016-02-21 09:12:34"
50,"饮料",,1,"2016-01-18",1,1,"2014-12-10 18:08:34","2016-02-21 09:12:34"
51,"海参",,1,"2016-01-10",1,1,"2014-12-10 18:08:34","2016-02-21 09:12:34"
53,"航母",,1,"2016-01-20",1,1,"2014-12-10 18:08:34","2016-02-21 09:12:34"
57,"核电",,1,"2016-01-21",1,1,"2014-12-10 18:08:34","2016-02-21 09:12:34"
66,"黄金","来自申万行业分类",5,"2011-05-28",1,1,"2014-12-10 18:08:34","2016-02-21 09:12:34"
67,"火电","来自申万行业分类",5,"2011-05-28",1,1,"2014-12-10 18:08:34","2016-02-21 09:12:34"
69,"集装箱",,1,"2016-01-10",1,1,"2014-12-10 18:08:34","2016-02-21 09:12:34"
78,"客车",,1,"2016-01-18",1,1,"2014-12-10 18:08:34","2016-02-21 09:12:35"
79,"空调","来自申万行业分类",5,"2011-05-28",1,1,"2014-12-10 18:08:34","2016-02-21 09:12:35"
86,"林业","来自申万行业分类",5,"2011-05-28",1,1,"2014-12-10 18:08:34","2016-02-21 09:12:35"
98,"水电","来自申万行业分类",5,"2011-05-28",1,1,"2014-12-10 18:08:34","2016-02-21 09:12:35"
99,"饲料","来自申万行业分类",5,"2011-05-28",1,1,"2014-12-10 18:08:34","2016-02-21 09:12:35"
110,"天然气",,1,"2016-01-11",1,1,"2014-12-10 18:08:34","2016-02-21 09:12:35"
115,"污水处理",,1,"2016-01-17",1,1,"2014-12-10 18:08:34","2016-02-21 09:12:35"
116,"物流","来自申万行业分类",5,"2011-05-28",1,1,"2014-12-10 18:08:34","2016-02-21 09:12:35"
133,"航天军工",,1,"2016-01-11",1,1,"2014-12-10 18:08:34","2016-02-21 09:12:35"
138,"横琴",,1,"2016-01-20",1,1,"2014-12-10 18:08:34","2016-02-21 09:12:35"
139,"前海",,1,"2016-01-20",1,1,"2014-12-10 18:08:34","2016-02-21 09:12:35"
141,"水利工程","来自申万行业分类",5,"2011-05-28",1,1,"2014-12-10 18:08:34","2016-02-21 09:12:35"
143,"种业",,1,"2016-01-20",1,1,"2014-12-10 18:08:34","2016-02-21 09:12:35"
149,"干细胞",,1,"2016-01-21",1,1,"2014-12-10 18:08:34","2016-02-21 09:12:35"
151,"蓝宝石",,1,"2016-01-20",1,1,"2014-12-10 18:08:34","2016-02-21 09:12:36"
153,"NFC",,1,"2016-01-18",1,1,"2014-12-10 18:08:34","2016-02-21 09:12:36"
154,"社保",,1,"2015-01-18",1,1,"2014-12-10 18:08:34","2016-02-21 09:12:36"
158,"微信",,1,"2016-01-17",1,1,"2014-12-10 18:08:34","2016-02-21 09:12:36"
160,"光伏",,1,"2016-01-17",1,1,"2014-12-10 18:08:34","2016-02-21 09:12:36"
161,"水泥建材",,1,"2016-01-22",1,1,"2014-12-10 18:08:34","2016-02-21 09:12:36"
162,"土壤环保",,1,"2016-01-21",1,1,"2014-12-10 18:08:34","2016-02-21 09:12:36"
164,"保险","来自申万行业分类",5,"2011-05-28",1,1,"2014-12-10 18:08:34","2016-02-21 09:12:36"
165,"无人机",,1,"2016-01-11",1,1,"2014-12-10 18:08:34","2016-02-21 09:12:36"
168,"养老",,1,"2016-01-20",1,1,"2014-12-10 18:08:34","2016-02-21 09:12:36"
170,"成品油",,1,"2016-01-18",1,1,"2014-12-10 18:08:34","2016-02-21 09:12:36"
172,"旅游",,1,"2016-01-04",1,1,"2014-12-10 18:08:34","2016-02-21 09:12:36"
177,"处理器",,1,"2016-01-18",1,1,"2014-12-10 18:08:34","2016-02-21 09:12:36"
179,"油气",,1,"2016-01-21",1,1,"2014-12-10 18:08:34","2016-02-21 09:12:36"
182,"工业自动化",,1,"2016-01-18",1,1,"2014-12-10 18:08:34","2016-02-21 09:12:36"
185,"视频网站",,1,"2016-01-08",1,1,"2014-12-10 18:08:34","2016-02-21 09:12:36"
187,"铁路建设","来自申万行业分类",5,"2011-05-28",1,1,"2014-12-10 18:08:34","2016-02-21 09:12:36"
197,"航运","来自申万行业分类",5,"2011-05-28",1,1,"2014-12-10 18:08:34","2016-02-21 09:12:36"
203,"小米",,1,"2015-12-20",1,1,"2014-12-10 18:08:34","2016-02-21 09:12:36"
216,"金融租赁",,1,"2015-01-13",1,1,"2014-12-10 18:08:34","2016-02-21 09:12:36"
238,"一带一路",,1,"2016-01-17",1,1,"2014-12-10 18:08:34","2016-02-21 09:12:37"
239,"PPP",,1,"2016-01-22",1,1,"2014-12-10 18:08:34","2016-02-21 09:12:37"
241,"高新区",,1,"2016-01-18",1,1,"2014-12-10 18:08:34","2016-02-21 09:12:37"
242,"高速公路","来自申万行业分类",5,"2011-05-28",1,1,"2014-12-10 18:08:34","2016-02-21 09:12:37"
250,"游艇",,1,"2016-01-21",1,1,"2014-12-10 18:08:34","2016-02-21 09:12:37"
271,"工业4.0",,1,"2016-01-19",1,1,"2014-12-10 18:08:34","2016-02-21 09:12:37"
273,"玻璃",,1,"2016-01-22",1,1,"2014-12-10 18:08:34","2016-02-21 09:12:37"
277,"低空",,1,"2016-01-15",1,1,"2014-12-10 18:08:34","2016-02-21 09:12:37"
280,"发动机",,1,"2016-01-18",1,1,"2014-12-10 18:08:34","2016-02-21 09:12:37"
283,"基础设施建设",,1,"2016-01-22",1,1,"2014-12-10 18:08:34","2016-02-21 09:12:37"
285,"机床",,1,"2016-01-03",1,1,"2014-12-10 18:08:34","2016-02-21 09:12:37"
288,"铝","来自申万行业分类",5,"2011-05-28",1,1,"2014-12-10 18:08:34","2016-02-21 09:12:37"
296,"橡胶","来自申万行业分类",5,"2011-05-28",1,1,"2014-12-10 18:08:34","2016-02-21 09:12:37"
299,"轴承",,1,"2016-01-17",1,1,"2014-12-10 18:08:34","2016-02-21 09:12:37"
300,"珠宝",,1,"2016-01-20",1,1,"2014-12-10 18:08:34","2016-02-21 09:12:37"
303,"清洁能源",,1,"2016-01-20",1,1,"2014-12-10 18:08:34","2016-02-21 09:12:37"
308,"钼",,1,"2016-01-18",1,1,"2014-12-10 18:08:34","2016-02-21 09:12:37"
312,"地震",,1,"2016-01-11",1,1,"2014-12-10 18:08:34","2016-02-21 09:12:37"
322,"保健品",,1,"2016-01-18",1,1,"2014-12-10 18:08:34","2016-02-21 09:12:37"
323,"电梯",,1,"2016-01-21",1,1,"2014-12-10 18:08:34","2016-02-21 09:12:37"
332,"软件",,1,"2016-01-18",1,1,"2014-12-10 18:08:34","2016-02-21 09:12:37"
339,"油改",,1,"2015-12-29",1,1,"2014-12-10 18:08:34","2016-02-21 09:12:37"
342,"国产手机",,1,"2016-01-21",1,1,"2014-12-10 18:08:34","2016-02-21 09:12:37"
350,"北京国企",,1,"2016-01-16",1,1,"2014-12-10 18:08:34","2016-02-21 09:12:38"
352,"反腐",,1,"2016-01-19",1,1,"2014-12-10 18:08:34","2016-02-21 09:12:38"
365,"白银",,1,"2016-01-07",1,1,"2014-12-10 18:08:34","2016-02-21 09:12:38"
366,"超市","来自申万行业分类",5,"2011-05-28",1,1,"2014-12-10 18:08:34","2016-02-21 09:12:38"
368,"抗生素",,1,"2016-01-22",1,1,"2014-12-10 18:08:34","2016-02-21 09:12:38"
370,"电源",,1,"2016-01-21",1,1,"2014-12-10 18:08:34","2016-02-21 09:12:38"
381,"人脑工程",,1,"2015-12-26",1,1,"2014-12-10 18:08:34","2016-02-21 09:12:38"
398,"单晶硅",,1,"2016-01-21",1,1,"2014-12-10 18:08:34","2016-02-21 09:12:38"
399,"公路运输",,1,"2016-01-15",1,1,"2014-12-10 18:08:34","2016-02-21 09:12:38"
411,"氮肥","来自申万行业分类",5,"2011-05-28",1,1,"2014-12-10 18:08:34","2016-02-21 09:12:38"
414,"化肥",,1,"2016-01-21",1,1,"2014-12-10 18:08:34","2016-02-21 09:12:38"
431,"机器人",,1,"2016-01-21",1,1,"2014-12-10 18:08:34","2016-02-21 09:12:38"
432,"高校",,1,"2016-01-20",1,1,"2014-12-10 18:08:34","2016-02-21 09:12:38"
435,"智能手机",,1,"2016-01-21",1,1,"2014-12-10 18:08:34","2016-02-21 09:12:38"
471,"创投",,1,"2016-01-21",1,1,"2014-12-10 18:08:34","2016-02-21 09:12:39"
477,"低价",,2,"2015-03-25",1,1,"2014-12-10 18:08:34","2016-02-21 09:12:39"
483,"高铁",,1,"2016-01-12",1,1,"2014-12-10 18:08:34","2016-02-21 09:12:39"
484,"稀土","来自申万行业分类",5,"2011-05-28",1,1,"2014-12-10 18:08:34","2016-02-21 09:12:39"
488,"春节",,2,"2015-03-25",1,1,"2014-12-10 18:08:34","2016-02-21 09:12:39"
489,"军工",,1,"2015-12-15",1,1,"2014-12-10 18:08:34","2016-02-21 09:12:39"
490,"高送转",,1,"2016-01-22",1,1,"2014-12-10 18:08:34","2016-02-21 09:12:39"
497,"期货",,1,"2016-01-22",1,1,"2014-12-10 18:08:34","2016-02-21 09:12:39"
501,"苹果",,2,"2015-03-25",1,1,"2014-12-10 18:08:34","2016-02-21 09:12:39"
502,"巴菲特",,2,"2015-03-25",1,1,"2014-12-10 18:08:34","2016-02-21 09:12:39"
505,"塑料制品",,1,"2016-01-21",1,1,"2014-12-10 18:08:34","2016-02-21 09:12:39"
507,"消费",,2,"2015-03-25",1,1,"2014-12-10 18:08:34","2016-02-21 09:12:39"
508,"PTA",,1,"2015-01-13",1,1,"2014-12-10 18:08:34","2016-02-21 09:12:39"
510,"黄酒","来自申万行业分类",5,"2011-05-28",1,1,"2014-12-10 18:08:34","2016-02-21 09:12:39"
511,"现代农业",,2,"2015-03-25",1,1,"2014-12-10 18:08:34","2016-02-21 09:12:40"
512,"大消费",,1,"2016-01-16",1,1,"2014-12-10 18:08:34","2016-02-21 09:12:40"
518,"上海迪士尼",,2,"2015-03-25",1,1,"2014-12-10 18:08:34","2016-02-21 09:12:40"
522,"水利",,2,"2015-03-25",1,1,"2014-12-10 18:08:34","2016-02-21 09:12:40"
541,"海南",,2,"2015-03-25",1,1,"2014-12-10 18:08:34","2016-02-21 09:12:40"
542,"铁路",,2,"2015-03-25",1,1,"2014-12-10 18:08:34","2016-02-21 09:12:40"
545,"园区",,2,"2015-03-25",1,1,"2014-12-10 18:08:34","2016-02-21 09:12:40"
547,"订单",,2,"2015-03-25",1,1,"2014-12-10 18:08:34","2016-02-21 09:12:40"
550,"能源",,2,"2015-03-25",1,1,"2014-12-10 18:08:34","2016-02-21 09:12:40"
551,"实验",,2,"2015-03-25",1,1,"2014-12-10 18:08:34","2016-02-21 09:12:40"
556,"基建",,2,"2015-03-25",1,1,"2014-12-10 18:08:34","2016-02-21 09:12:40"
562,"液氯",,1,"2016-01-18",1,1,"2014-12-10 18:08:34","2016-02-21 09:12:40"
563,"地产",,2,"2015-03-25",1,1,"2014-12-10 18:08:34","2016-02-21 09:12:40"
571,"中资",,2,"2015-03-25",1,1,"2014-12-10 18:08:34","2016-02-21 09:12:40"
578,"兵团",,2,"2015-03-25",1,1,"2014-12-10 18:08:34","2016-02-21 09:12:40"
580,"生物",,2,"2015-03-25",1,1,"2014-12-10 18:08:34","2016-02-21 09:12:40"
583,"生态",,2,"2015-03-25",1,1,"2014-12-10 18:08:34","2016-02-21 09:12:40"
593,"送转",,2,"2015-03-25",1,1,"2014-12-10 18:08:34","2016-02-21 09:12:40"
598,"农业",,2,"2015-03-25",1,1,"2014-12-10 18:08:34","2016-02-21 09:12:40"
600,"小盘",,2,"2015-03-25",1,1,"2014-12-10 18:08:34","2016-02-21 09:12:40"
602,"电商",,2,"2015-03-25",1,1,"2014-12-10 18:08:34","2016-02-21 09:12:40"
611,"三星",,1,"2016-01-21",1,1,"2014-12-10 18:08:34","2016-02-21 09:12:41"
623,"消防",,2,"2015-03-25",1,1,"2014-12-10 18:08:34","2016-02-21 09:12:41"
637,"环境保护",,2,"2015-03-25",1,1,"2014-12-10 18:08:34","2016-02-21 09:12:41"
644,"5G",,1,"2016-01-21",1,1,"2014-12-10 18:08:34","2016-02-21 09:12:41"
650,"迪斯尼","上海迪士尼公园将在2015年1月30日完成施工，建成后将带动周边土地大幅升值，巨大的客流量，将对当地娱乐、餐饮、住宿、购物等行业上市公司构成利好",2,"2015-03-25",1,1,"2014-12-10 18:08:34","2016-02-21 09:12:41"
667,"锂电",,2,"2015-03-25",1,1,"2014-12-10 18:08:34","2016-02-21 09:12:41"
670,"互联网",,1,"2016-01-04",1,1,"2014-12-10 18:08:34","2016-02-21 09:12:42"
683,"手游",,2,"2015-03-25",1,1,"2014-12-10 18:08:34","2016-02-21 09:12:42"
691,"国产",,2,"2015-03-25",1,1,"2014-12-10 18:08:34","2016-02-21 09:12:42"
698,"抗癌",,1,"2016-01-19",1,1,"2014-12-10 18:08:34","2016-02-21 09:12:42"
700,"小贷",,2,"2015-03-25",1,1,"2014-12-10 18:08:34","2016-02-21 09:12:42"
704,"三板",,2,"2015-03-25",1,1,"2014-12-10 18:08:34","2016-02-21 09:12:42"
706,"香港",,2,"2015-03-25",1,1,"2014-12-10 18:08:34","2016-02-21 09:12:42"
707,"阿里",,2,"2015-03-25",1,1,"2014-12-10 18:08:34","2016-02-21 09:12:42"
708,"新经济",,2,"2015-03-25",1,1,"2014-12-10 18:08:34","2016-02-21 09:12:42"
715,"动漫",,1,"2016-01-05",1,1,"2014-12-10 18:08:34","2016-02-21 09:12:42"
724,"文化",,2,"2015-03-25",1,1,"2014-12-10 18:08:34","2016-02-21 09:12:42"
733,"网游",,2,"2015-03-25",1,1,"2014-12-10 18:08:34","2016-02-21 09:12:42"
738,"新兴产业",,2,"2015-03-25",1,1,"2014-12-10 18:08:34","2016-02-21 09:12:42"
742,"回购","股票回购是指上市公司从股票市场上购回一定数额的发行在外的股票。公司在股票回购完成后可以将所回购股票注销，但在大多数情况下，公司将回购的股份作为“库藏股份”保留，仍属于发行在外的股份，但不参与每般收益的计算和收益分配。库藏股票日后可移作他用，或在需要资金时将其出售。",2,"2015-03-25",1,1,"2014-12-10 18:08:34","2016-02-21 09:12:42"
747,"大光热",,2,"2015-03-25",1,1,"2014-12-10 18:08:34","2016-02-21 09:12:42"
752,"农机",,1,"2016-01-21",1,1,"2014-12-10 18:08:34","2016-02-21 09:12:42"
757,"腾讯",,2,"2015-03-25",1,1,"2014-12-10 18:08:34","2016-02-21 09:12:42"
758,"管家",,2,"2015-03-25",1,1,"2014-12-10 18:08:34","2016-02-21 09:12:42"
764,"涨价",,2,"2015-03-25",1,1,"2014-12-10 18:08:34","2016-02-21 09:12:42"
768,"4G网络",,2,"2015-03-25",1,1,"2014-12-10 18:08:34","2016-02-21 09:12:42"
779,"通信","来自申万行业分类",5,"2011-05-28",1,1,"2014-12-10 18:08:34","2016-02-21 09:12:43"
780,"电子发票",,1,"2015-01-13",1,1,"2014-12-10 18:08:34","2016-02-21 09:12:43"
782,"TMT",,1,"2016-01-20",1,1,"2014-12-10 18:08:34","2016-02-21 09:12:43"
788,"文化传媒","来自申万行业分类",5,"2011-05-28",1,1,"2014-12-10 18:08:34","2016-02-21 09:12:43"
789,"游戏",,2,"2015-03-25",1,1,"2014-12-10 18:08:34","2016-02-21 09:12:43"
796,"自贸",,2,"2015-03-25",1,1,"2014-12-10 18:08:34","2016-02-21 09:12:43"
807,"新疆",,2,"2015-03-25",1,1,"2014-12-10 18:08:34","2016-02-21 09:12:43"
821,"重工",,2,"2015-03-25",1,1,"2014-12-10 18:08:34","2016-02-21 09:12:43"
832,"马云",,1,"2015-01-13",1,1,"2014-12-10 18:08:34","2016-02-21 09:12:43"
835,"直销银行","互联网时代的新型银行运作模式，没有营业网点，不发放实体银行卡，客户主要通过电脑、电子邮件、手机、电话等远程渠道获取银行产品和服务。",1,"2016-01-16",1,1,"2014-12-10 18:08:34","2016-02-21 09:12:43"
837,"水泥",,2,"2015-03-25",1,1,"2014-12-10 18:08:34","2016-02-21 09:12:43"
841,"触网",,2,"2015-03-25",1,1,"2014-12-10 18:08:34","2016-02-21 09:12:43"
842,"零售行业",,2,"2015-03-25",1,1,"2014-12-10 18:08:34","2016-02-21 09:12:43"
846,"产业链",,2,"2015-03-25",1,1,"2014-12-10 18:08:34","2016-02-21 09:12:43"
848,"金融",,2,"2015-03-25",1,1,"2014-12-10 18:08:34","2016-02-21 09:12:43"
849,"复苏",,2,"2015-03-25",1,1,"2014-12-10 18:08:34","2016-02-21 09:12:43"
852,"互联网安全",,2,"2015-03-25",1,1,"2014-12-10 18:08:34","2016-02-21 09:12:43"
854,"外资金融",,2,"2015-03-25",1,1,"2014-12-10 18:08:34","2016-02-21 09:12:43"
869,"苏宁",,2,"2015-03-25",1,1,"2014-12-10 18:08:34","2016-02-21 09:12:43"
872,"光伏发电",,2,"2015-03-25",1,1,"2014-12-10 18:08:34","2016-02-21 09:12:43"
876,"大金融",,2,"2015-03-25",1,1,"2014-12-10 18:08:34","2016-02-21 09:12:43"
882,"眼科",,2,"2015-03-25",1,1,"2014-12-10 18:08:34","2016-02-21 09:12:43"
888,"通讯",,2,"2015-03-25",1,1,"2014-12-10 18:08:34","2016-02-21 09:12:43"
897,"天津",,2,"2015-03-25",1,1,"2014-12-10 18:08:34","2016-02-21 09:12:43"
921,"上海",,2,"2015-03-25",1,1,"2014-12-10 18:08:34","2016-02-21 09:12:43"
928,"政策",,2,"2015-03-25",1,1,"2014-12-10 18:08:34","2016-02-21 09:12:43"
929,"健康产业",,1,"2015-12-03",1,1,"2014-12-10 18:08:34","2016-02-21 09:12:43"
933,"业绩",,2,"2015-03-25",1,1,"2014-12-10 18:08:34","2016-02-21 09:12:43"
937,"疫苗",,2,"2015-03-25",1,1,"2014-12-10 18:08:34","2016-02-21 09:12:43"
939,"信用卡",,2,"2015-03-25",1,1,"2014-12-10 18:08:34","2016-02-21 09:12:43"
943,"医疗",,2,"2015-03-25",1,1,"2014-12-10 18:08:34","2016-02-21 09:12:43"
945,"中药","来自申万行业分类",5,"2011-05-28",1,1,"2014-12-10 18:08:34","2016-02-21 09:12:43"
946,"铁矿",,2,"2015-03-25",1,1,"2014-12-10 18:08:34","2016-02-21 09:12:43"
949,"健康",,2,"2015-03-25",1,1,"2014-12-10 18:08:34","2016-02-21 09:12:43"
954,"风电板块",,2,"2015-03-25",1,1,"2014-12-10 18:08:34","2016-02-21 09:12:43"
959,"煤炭",,2,"2015-03-25",1,1,"2014-12-10 18:08:34","2016-02-21 09:12:44"
960,"铁矿石",,1,"2016-01-21",1,1,"2014-12-10 18:08:34","2016-02-21 09:12:44"
965,"国资改革",,2,"2015-03-25",1,1,"2014-12-10 18:08:34","2016-02-21 09:12:44"
966,"服装",,2,"2015-03-25",1,1,"2014-12-10 18:08:34","2016-02-21 09:12:44"
969,"新药",,2,"2015-03-25",1,1,"2014-12-10 18:08:34","2016-02-21 09:12:44"
973,"移动",,2,"2015-03-25",1,1,"2014-12-10 18:08:34","2016-02-21 09:12:44"
974,"医疗健康",,2,"2015-03-25",1,1,"2014-12-10 18:08:34","2016-02-21 09:12:44"
982,"石油",,2,"2015-03-25",1,1,"2014-12-10 18:08:34","2016-02-21 09:12:44"
986,"核能核电",,1,"2016-01-17",1,1,"2014-12-10 18:08:34","2016-02-21 09:12:44"
988,"参股",,2,"2015-03-25",1,1,"2014-12-10 18:08:34","2016-02-21 09:12:44"
990,"新产业",,2,"2015-03-25",1,1,"2014-12-10 18:08:34","2016-02-21 09:12:44"
995,"三中",,2,"2015-03-25",1,1,"2014-12-10 18:08:34","2016-02-21 09:12:44"
998,"体育",,2,"2015-03-25",1,1,"2014-12-10 18:08:34","2016-02-21 09:12:44"
1003,"改革红利",,2,"2015-03-25",1,1,"2014-12-10 18:08:34","2016-02-21 09:12:44"
1005,"大气污染治理",,2,"2015-03-25",1,1,"2014-12-10 18:08:34","2016-02-21 09:12:44"
1010,"转型",,2,"2015-03-25",1,1,"2014-12-10 18:08:34","2016-02-21 09:12:44"
1011,"燃气","来自申万行业分类",5,"2011-05-28",1,1,"2014-12-10 18:08:34","2016-02-21 09:12:44"
1012,"船舶",,1,"2016-01-22",1,1,"2014-12-10 18:08:34","2016-02-21 09:12:44"
1019,"国家安全",,1,"2016-01-20",1,1,"2014-12-10 18:08:34","2016-02-21 09:12:44"
1025,"农林牧渔","来自申万行业分类",5,"2011-05-28",1,1,"2014-12-10 18:08:34","2016-02-21 09:12:44"
1028,"安全",,2,"2015-03-25",1,1,"2014-12-10 18:08:34","2016-02-21 09:12:44"
1029,"国安全",,2,"2015-03-25",1,1,"2014-12-10 18:08:34","2016-02-21 09:12:44"
1032,"上海国资改革",,1,"2015-01-13",1,1,"2014-12-10 18:08:34","2016-02-21 09:12:44"
1040,"大安全",,2,"2015-03-25",1,1,"2014-12-10 18:08:34","2016-02-21 09:12:44"
1042,"改革预期",,2,"2015-03-25",1,1,"2014-12-10 18:08:34","2016-02-21 09:12:44"
1046,"通航",,2,"2015-03-25",1,1,"2014-12-10 18:08:34","2016-02-21 09:12:44"
1047,"玩具",,2,"2015-03-25",1,1,"2014-12-10 18:08:34","2016-02-21 09:12:44"
1049,"航空航天",,1,"2015-12-27",1,1,"2014-12-10 18:08:34","2016-02-21 09:12:44"
1050,"航空",,2,"2015-03-25",1,1,"2014-12-10 18:08:34","2016-02-21 09:12:44"
1051,"轨交",,2,"2015-03-25",1,1,"2014-12-10 18:08:34","2016-02-21 09:12:45"
1054,"申万",,2,"2015-03-25",1,1,"2014-12-10 18:08:34","2016-02-21 09:12:45"
1056,"银行改革",,2,"2015-03-25",1,1,"2014-12-10 18:08:34","2016-02-21 09:12:45"
1066,"核动力",,2,"2015-03-25",1,1,"2014-12-10 18:08:34","2016-02-21 09:12:45"
1079,"国企",,2,"2015-03-25",1,1,"2014-12-10 18:08:34","2016-02-21 09:12:45"
1082,"安全生产",,2,"2015-03-25",1,1,"2014-12-10 18:08:34","2016-02-21 09:12:45"
1083,"雷达",,1,"2016-01-17",1,1,"2014-12-10 18:08:34","2016-02-21 09:12:45"
1099,"智能驾驶",,1,"2016-01-17",1,1,"2014-12-10 18:08:34","2016-02-21 09:12:45"
1102,"中国高铁",,2,"2015-03-25",1,1,"2014-12-10 18:08:34","2016-02-21 09:12:45"
1106,"4G通信",,2,"2015-03-25",1,1,"2014-12-10 18:08:34","2016-02-21 09:12:45"
1110,"聚宝盆",,2,"2015-03-25",1,1,"2014-12-10 18:08:34","2016-02-21 09:12:45"
1113,"武器装备",,2,"2015-03-25",1,1,"2014-12-10 18:08:34","2016-02-21 09:12:45"
1114,"教育改革",,2,"2015-03-25",1,1,"2014-12-10 18:08:34","2016-02-21 09:12:45"
1115,"高送转主题",,2,"2015-03-25",1,1,"2014-12-10 18:08:34","2016-02-21 09:12:45"
1120,"国防",,2,"2015-03-25",1,1,"2014-12-10 18:08:34","2016-02-21 09:12:45"
1121,"房地产","来自申万行业分类",5,"2011-05-28",1,1,"2014-12-10 18:08:34","2016-02-21 09:12:45"
1123,"高端装备",,1,"2015-06-28",1,1,"2014-12-10 18:08:34","2016-02-21 09:12:45"
1125,"医院",,2,"2015-03-25",1,1,"2014-12-10 18:08:34","2016-02-21 09:12:45"
1132,"核能",,2,"2015-03-25",1,1,"2014-12-10 18:08:34","2016-02-21 09:12:45"
1159,"成长",,2,"2015-03-25",1,1,"2014-12-10 18:08:34","2016-02-21 09:12:45"
1162,"高增长",,2,"2015-03-25",1,1,"2014-12-10 18:08:34","2016-02-21 09:12:45"
1164,"绿色",,2,"2015-03-25",1,1,"2014-12-10 18:08:34","2016-02-21 09:12:45"
1170,"上海本地重组",,2,"2015-03-25",1,1,"2014-12-10 18:08:34","2016-02-21 09:12:45"
1173,"城镇",,2,"2015-03-25",1,1,"2014-12-10 18:08:34","2016-02-21 09:12:45"
1174,"创新金融",,2,"2015-03-25",1,1,"2014-12-10 18:08:34","2016-02-21 09:12:45"
1175,"防治",,2,"2015-03-25",1,1,"2014-12-10 18:08:34","2016-02-21 09:12:45"
1176,"金融服务","来自申万行业分类",5,"2011-05-28",1,1,"2014-12-10 18:08:34","2016-02-21 09:12:45"
1203,"流感",,2,"2015-03-25",1,1,"2014-12-10 18:08:34","2016-02-21 09:12:46"
1207,"并购重组",,2,"2015-03-25",1,1,"2014-12-10 18:08:34","2016-02-21 09:12:46"
1210,"春运",,1,"2015-05-21",1,1,"2014-12-10 18:08:34","2016-02-21 09:12:46"
1211,"消费类",,2,"2015-03-25",1,1,"2014-12-10 18:08:34","2016-02-21 09:12:46"
1214,"军工重组",,2,"2015-03-25",1,1,"2014-12-10 18:08:34","2016-02-21 09:12:46"
1215,"网络",,2,"2015-03-25",1,1,"2014-12-10 18:08:34","2016-02-21 09:12:46"
1216,"多元金融","来自申万行业分类",5,"2011-05-28",1,1,"2014-12-10 18:08:34","2016-02-21 09:12:46"
1218,"导航",,2,"2015-03-25",1,1,"2014-12-10 18:08:34","2016-02-21 09:12:46"
1219,"年报题材",,2,"2015-03-25",1,1,"2014-12-10 18:08:34","2016-02-21 09:12:46"
1225,"视频",,2,"2015-03-25",1,1,"2014-12-10 18:08:34","2016-02-21 09:12:46"
1233,"扭亏",,2,"2015-03-25",1,1,"2014-12-10 18:08:34","2016-02-21 09:12:46"
1238,"高科技",,2,"2015-03-25",1,1,"2014-12-10 18:08:34","2016-02-21 09:12:46"
1241,"水务","来自申万行业分类",5,"2011-05-28",1,1,"2014-12-10 18:08:34","2016-02-21 09:12:46"
1242,"IPO",,2,"2015-03-25",1,1,"2014-12-10 18:08:34","2016-02-21 09:12:46"
1266,"智能",,2,"2015-03-25",1,1,"2014-12-10 18:08:34","2016-02-21 09:12:46"
1271,"智能汽车","在普通汽车的基础上增加了先进的传感器（雷达、摄像）、控制器、执行器等装置，通过车载传感系统和信息终端实现与人、车、路等的智能信息交换，使汽车具备智能的环境感知能力，能够自动分析汽车行驶的安全及危险状态，并使汽车按照人的意愿到达目的地，最终实现替代人来操作的目的。",2,"2015-03-25",1,1,"2014-12-10 18:08:34","2016-02-21 09:12:46"
1276,"稀缺资源",,1,"2016-01-21",1,1,"2014-12-10 18:08:34","2016-02-21 09:12:46"
1287,"中央发一号文",,2,"2015-03-25",1,1,"2014-12-10 18:08:34","2016-02-21 09:12:46"
1288,"治理",,2,"2015-03-25",1,1,"2014-12-10 18:08:34","2016-02-21 09:12:46"
1289,"生物技术",,2,"2015-03-25",1,1,"2014-12-10 18:08:34","2016-02-21 09:12:46"
1301,"新一轮农网改造",,2,"2015-03-25",1,1,"2014-12-10 18:08:34","2016-02-21 09:12:46"
1309,"互联网平台",,1,"2016-01-01",1,1,"2014-12-10 18:08:34","2016-02-21 09:12:46"
1319,"大农业","不仅是种植、养殖，还包括产前产后如产农药、化肥等生产，产后加工、销售等领域的一种农业产业化模式",2,"2015-03-25",1,1,"2014-12-10 18:08:34","2016-02-21 09:12:46"
1328,"东莞",,2,"2015-03-25",1,1,"2014-12-10 18:08:34","2016-02-21 09:12:46"
1333,"集成电路","来自申万行业分类",5,"2011-05-28",1,1,"2014-12-10 18:08:34","2016-02-21 09:12:46"
1334,"电动车",,2,"2015-03-25",1,1,"2014-12-10 18:08:34","2016-02-21 09:12:46"
1336,"汽车","来自申万行业分类",5,"2011-05-28",1,1,"2014-12-10 18:08:34","2016-02-21 09:12:46"
1341,"美股",,2,"2015-03-25",1,1,"2014-12-10 18:08:34","2016-02-21 09:12:46"
1342,"民营",,2,"2015-03-25",1,1,"2014-12-10 18:08:34","2016-02-21 09:12:46"
1344,"水污染治理",,2,"2015-03-25",1,1,"2014-12-10 18:08:34","2016-02-21 09:12:46"
1372,"芯片国产化",,2,"2015-03-25",1,1,"2014-12-10 18:08:34","2016-02-21 09:12:47"
1380,"家电",,1,"2016-01-12",1,1,"2014-12-10 18:08:34","2016-02-21 09:12:47"
1387,"社交",,2,"2015-03-25",1,1,"2014-12-10 18:08:34","2016-02-21 09:12:47"
1393,"绿地",,2,"2015-03-25",1,1,"2014-12-10 18:08:34","2016-02-21 09:12:47"
1394,"黄金白银",,2,"2015-03-25",1,1,"2014-12-10 18:08:34","2016-02-21 09:12:47"
1400,"医药",,2,"2015-03-25",1,1,"2014-12-10 18:08:34","2016-02-21 09:12:47"
1413,"支付",,2,"2015-03-25",1,1,"2014-12-10 18:08:34","2016-02-21 09:12:47"
1416,"文教休闲",,2,"2015-03-25",1,1,"2014-12-10 18:08:34","2016-02-21 09:12:47"
1419,"两会题材",,2,"2015-03-25",1,1,"2014-12-10 18:08:34","2016-02-21 09:12:47"
1429,"出口",,2,"2015-03-25",1,1,"2014-12-10 18:08:34","2016-02-21 09:12:47"
1435,"安防监控",,2,"2015-03-25",1,1,"2014-12-10 18:08:34","2016-02-21 09:12:47"
1441,"早盘",,2,"2015-03-25",1,1,"2014-12-10 18:08:34","2016-02-21 09:12:47"
1452,"李克强",,2,"2015-03-25",1,1,"2014-12-10 18:08:34","2016-02-21 09:12:47"
1460,"电池产业",,2,"2015-03-25",1,1,"2014-12-10 18:08:34","2016-02-21 09:12:47"
1481,"标的",,2,"2015-03-25",1,1,"2014-12-10 18:08:34","2016-02-21 09:12:47"
1486,"电力","来自申万行业分类",5,"2011-05-28",1,1,"2014-12-10 18:08:34","2016-02-21 09:12:47"
1496,"环保板块",,2,"2015-03-25",1,1,"2014-12-10 18:08:34","2016-02-21 09:12:47"
1500,"芯片",,2,"2015-03-25",1,1,"2014-12-10 18:08:34","2016-02-21 09:12:47"
1504,"广告",,2,"2015-03-25",1,1,"2014-12-10 18:08:34","2016-02-21 09:12:47"
1514,"鸡苗",,2,"2015-03-25",1,1,"2014-12-10 18:08:34","2016-02-21 09:12:47"
1518,"脱硫",,2,"2015-03-25",1,1,"2014-12-10 18:08:34","2016-02-21 09:12:47"
1521,"新电改",,2,"2015-03-25",1,1,"2014-12-10 18:08:34","2016-02-21 09:12:47"
1523,"河北",,2,"2015-03-25",1,1,"2014-12-10 18:08:34","2016-02-21 09:12:47"
1524,"智能化",,2,"2015-03-25",1,1,"2014-12-10 18:08:34","2016-02-21 09:12:47"
1538,"港口","来自申万行业分类",5,"2011-05-28",1,1,"2014-12-10 18:08:34","2016-02-21 09:12:48"
1569,"安徽",,2,"2015-03-25",1,1,"2014-12-10 18:08:34","2016-02-21 09:12:48"
1573,"红利",,2,"2015-03-25",1,1,"2014-12-10 18:08:34","2016-02-21 09:12:48"
1579,"国产芯片",,2,"2015-03-25",1,1,"2014-12-10 18:08:34","2016-02-21 09:12:48"
1584,"合并",,2,"2015-03-25",1,1,"2014-12-10 18:08:34","2016-02-21 09:12:48"
1596,"软件服务",,2,"2015-03-25",1,1,"2014-12-10 18:08:34","2016-02-21 09:12:48"
1600,"AH",,2,"2015-03-25",1,1,"2014-12-10 18:08:34","2016-02-21 09:12:48"
1605,"军工改革",,2,"2015-03-25",1,1,"2014-12-10 18:08:34","2016-02-21 09:12:48"
1615,"江苏",,2,"2015-03-25",1,1,"2014-12-10 18:08:34","2016-02-21 09:12:48"
1625,"三农",,1,"2016-01-11",1,1,"2014-12-10 18:08:34","2016-02-21 09:12:48"
1637,"赎回",,2,"2015-03-25",1,1,"2014-12-10 18:08:34","2016-02-21 09:12:48"
1645,"无人驾驶","无人驾驶汽车是通过车载传感系统感知道路环境，自动规划行车路线并控制车辆到达预定目标的智能汽车",1,"2016-01-03",1,1,"2014-12-10 18:08:34","2016-02-21 09:12:48"
1650,"被举牌",,2,"2015-03-25",1,1,"2014-12-10 18:08:34","2016-02-21 09:12:48"
1652,"举牌",,1,"2015-01-13",1,1,"2014-12-10 18:08:34","2016-02-21 09:12:48"
1653,"食品饮料","来自申万行业分类",5,"2011-05-28",1,1,"2014-12-10 18:08:34","2016-02-21 09:12:48"
1681,"铁路运价改革",,1,"2015-05-19",1,1,"2014-12-10 18:08:34","2016-02-21 09:12:48"
1693,"镍",,2,"2015-03-25",1,1,"2014-12-10 18:08:34","2016-02-21 09:12:48"
1715,"送转潜力","每股未分配利润和公积金高，具有送转股潜力的股票",1,"2015-03-19",1,1,"2014-12-10 18:08:34","2016-02-21 09:12:48"
1725,"增发",,2,"2015-03-25",1,1,"2014-12-10 18:08:34","2016-02-21 09:12:48"
1736,"生物基因",,2,"2015-03-25",1,1,"2014-12-10 18:08:34","2016-02-21 09:12:48"
1755,"中超",,2,"2015-03-25",1,1,"2014-12-10 18:08:34","2016-02-21 09:12:48"
1760,"量子通信",,1,"2016-01-20",1,1,"2014-12-10 18:08:34","2016-02-21 09:12:48"
1770,"ETC",,1,"2016-01-21",1,1,"2014-12-10 18:08:34","2016-02-21 09:12:49"
1772,"中科院",,2,"2015-03-25",1,1,"2014-12-10 18:08:34","2016-02-21 09:12:49"
1774,"食品检测安全",,2,"2015-03-25",1,1,"2014-12-10 18:08:34","2016-02-21 09:12:49"
1780,"水十条",,2,"2015-03-25",1,1,"2014-12-10 18:08:34","2016-02-21 09:12:49"
1795,"邮政",,2,"2015-03-25",1,1,"2014-12-10 18:08:34","2016-02-21 09:12:49"
1812,"影视",,2,"2015-03-25",1,1,"2014-12-10 18:08:34","2016-02-21 09:12:49"
1814,"高送转预期",,2,"2015-03-25",1,1,"2014-12-10 18:08:34","2016-02-21 09:12:49"
1817,"锌",,1,"2015-01-13",1,1,"2014-12-10 18:08:34","2016-02-21 09:12:49"
1819,"教育",,2,"2015-03-25",1,1,"2014-12-10 18:08:34","2016-02-21 09:12:49"
1846,"小市值",,2,"2015-03-25",1,1,"2014-12-10 18:08:34","2016-02-21 09:12:49"
1865,"基本金属",,1,"2015-03-20",1,1,"2014-12-10 18:08:34","2016-02-21 09:12:49"
1873,"中韩合作",,2,"2015-03-25",1,1,"2014-12-10 18:08:34","2016-02-21 09:12:49"
1903,"运输服务",,2,"2015-03-25",1,1,"2014-12-10 18:08:34","2016-02-21 09:12:49"
1909,"核电板块",,2,"2015-03-25",1,1,"2014-12-10 18:08:34","2016-02-21 09:12:49"
1914,"国改",,2,"2015-03-25",1,1,"2014-12-10 18:08:34","2016-02-21 09:12:49"
1917,"跨界",,2,"2015-03-25",1,1,"2014-12-10 18:08:34","2016-02-21 09:12:49"
1919,"一体化",,2,"2015-03-25",1,1,"2014-12-10 18:08:34","2016-02-21 09:12:49"
1949,"电信",,2,"2015-03-25",1,1,"2014-12-10 18:08:34","2016-02-21 09:12:49"
1952,"信息",,2,"2015-03-25",1,1,"2014-12-10 18:08:34","2016-02-21 09:12:50"
1955,"有色金属","来自申万行业分类",5,"2011-05-28",1,1,"2014-12-10 18:08:34","2016-02-21 09:12:50"
1960,"东北装备",,2,"2015-03-25",1,1,"2014-12-10 18:08:34","2016-02-21 09:12:50"
1963,"有色",,2,"2015-03-25",1,1,"2014-12-10 18:08:34","2016-02-21 09:12:50"
1979,"埃博拉",,2,"2015-03-25",1,1,"2014-12-10 18:08:34","2016-02-21 09:12:50"
1981,"养殖",,2,"2015-03-25",1,1,"2014-12-10 18:08:34","2016-02-21 09:12:50"
1996,"电力体制改革",,2,"2015-03-25",1,1,"2014-12-10 18:08:34","2016-02-21 09:12:50"
2003,"互联网券商","通过互联网进行证券交易的相关经纪代理活动，交易场所和交易执行都从实体物理点转移到互联网线上进行操作，投资者只需通过互联网和移动互联网工具即可进行签约开户、交易委托、支付和交易执行。",2,"2015-03-25",1,1,"2014-12-10 18:08:34","2016-02-21 09:12:50"
2008,"航空运输","来自申万行业分类",5,"2011-05-28",1,1,"2014-12-10 18:08:34","2016-02-21 09:12:50"
2016,"化工","来自申万行业分类",5,"2011-05-28",1,1,"2014-12-10 18:08:34","2016-02-21 09:12:50"
2017,"反垄断",,2,"2015-03-25",1,1,"2014-12-10 18:08:34","2016-02-21 09:12:50"
2053,"纺织服装","来自申万行业分类",5,"2011-05-28",1,1,"2014-12-10 18:08:34","2016-02-21 09:12:50"
2062,"运输",,2,"2015-03-25",1,1,"2014-12-10 18:08:34","2016-02-21 09:12:50"
2065,"海运",,2,"2015-03-25",1,1,"2014-12-10 18:08:34","2016-02-21 09:12:50"
2066,"改革转型",,2,"2015-03-25",1,1,"2014-12-10 18:08:34","2016-02-21 09:12:50"
2067,"员工持股","员工持股计划属于一种特殊的报酬计划,是指为了吸引、保留和激励公司员工,通过让员工持有股票,使员工享有剩余索取权的利益分享机制和拥有经营决策权的参与机制",2,"2015-03-25",1,1,"2014-12-10 18:08:34","2016-02-21 09:12:50"
2074,"P2P",,1,"2016-01-19",1,1,"2014-12-10 18:08:34","2016-02-21 09:12:50"
2075,"众筹","翻译自国外crowdfunding一词，即大众筹资或群众筹资，是指一种向群众募资，以支持发起的个人或组织的行为。一般而言是透过网络上的平台连结起赞助者与提案者。",1,"2016-01-17",1,1,"2014-12-10 18:08:34","2016-02-21 09:12:50"
2076,"北上广",,2,"2015-03-25",1,1,"2014-12-10 18:08:34","2016-02-21 09:12:50"
2083,"石化",,2,"2015-03-25",1,1,"2014-12-10 18:08:34","2016-02-21 09:12:50"
2089,"民航机场",,2,"2015-03-25",1,1,"2014-12-10 18:08:34","2016-02-21 09:12:50"
2118,"高端制造",,2,"2015-03-25",1,1,"2014-12-10 18:08:34","2016-02-21 09:12:50"
2120,"港口航运",,2,"2015-03-25",1,1,"2014-12-10 18:08:34","2016-02-21 09:12:50"
2128,"退耕还林",,2,"2015-03-25",1,1,"2014-12-10 18:08:34","2016-02-21 09:12:50"
2146,"百度",,1,"2015-01-13",1,1,"2014-12-10 18:08:34","2016-02-21 09:12:51"
2157,"汽车零配件",,2,"2015-03-25",1,1,"2014-12-10 18:08:34","2016-02-21 09:12:51"
2166,"军工板块",,2,"2015-03-25",1,1,"2014-12-10 18:08:34","2016-02-21 09:12:51"
2167,"体育产业",,1,"2016-01-17",1,1,"2014-12-10 18:08:34","2016-02-21 09:12:51"
2182,"物流板块",,2,"2015-03-25",1,1,"2014-12-10 18:08:34","2016-02-21 09:12:51"
2190,"手机",,2,"2015-03-25",1,1,"2014-12-10 18:08:34","2016-02-21 09:12:51"
2193,"预期高送转",,2,"2015-03-25",1,1,"2014-12-10 18:08:34","2016-02-21 09:12:51"
2202,"钛金属",,2,"2015-03-25",1,1,"2014-12-10 18:08:34","2016-02-21 09:12:51"
2204,"福建",,2,"2015-03-25",1,1,"2014-12-10 18:08:34","2016-02-21 09:12:51"
2209,"基因",,2,"2015-03-25",1,1,"2014-12-10 18:08:34","2016-02-21 09:12:51"
2210,"证券","来自申万行业分类",5,"2011-05-28",1,1,"2014-12-10 18:08:34","2016-02-21 09:12:51"
2218,"公交","来自申万行业分类",5,"2011-05-28",1,1,"2014-12-10 18:08:34","2016-02-21 09:12:51"
2229,"交通运输","来自申万行业分类",5,"2011-05-28",1,1,"2014-12-10 18:08:34","2016-02-21 09:12:51"
2230,"沪股通",,1,"2015-04-27",1,1,"2014-12-10 18:08:34","2016-02-21 09:12:51"
2240,"一路一带","“丝绸之路经济带”和“21世纪海上丝绸之路”的简称。“一带一路”不是一个实体和机制，而是合作发展的理念和倡议，是依靠中国与有关国家既有的双多边机制，借助既有的、行之有效的区域合作平台",2,"2015-03-25",1,1,"2014-12-10 18:08:34","2016-02-21 09:12:51"
2247,"中国制造",,2,"2015-03-25",1,1,"2014-12-10 18:08:34","2016-02-21 09:12:51"
2248,"大中国",,2,"2015-03-25",1,1,"2014-12-10 18:08:34","2016-02-21 09:12:51"
2249,"补涨",,2,"2015-03-25",1,1,"2014-12-10 18:08:34","2016-02-21 09:12:51"
2254,"基础设施",,2,"2015-03-25",1,1,"2014-12-10 18:08:34","2016-02-21 09:12:51"
2258,"消费物流",,2,"2015-03-25",1,1,"2014-12-10 18:08:34","2016-02-21 09:12:51"
2264,"电力建设",,2,"2015-03-25",1,1,"2014-12-10 18:08:34","2016-02-21 09:12:51"
2266,"丝路",,2,"2015-03-25",1,1,"2014-12-10 18:08:34","2016-02-21 09:12:51"
2270,"药价改革",,2,"2015-03-25",1,1,"2014-12-10 18:08:34","2016-02-21 09:12:51"
2274,"产业基金",,2,"2015-03-25",1,1,"2014-12-10 18:08:34","2016-02-21 09:12:51"
2278,"中航",,2,"2015-03-25",1,1,"2014-12-10 18:08:34","2016-02-21 09:12:51"
2279,"借壳",,2,"2015-03-25",1,1,"2014-12-10 18:08:34","2016-02-21 09:12:51"
2282,"超级计算机",,1,"2016-01-22",1,1,"2014-12-10 18:08:34","2016-02-21 09:12:51"
2283,"区域",,2,"2015-03-25",1,1,"2014-12-10 18:08:34","2016-02-21 09:12:51"
2294,"白糖",,1,"2016-01-14",1,1,"2014-12-10 18:08:34","2016-02-21 09:12:51"
2300,"南沙","南沙区，广东省广州市市辖区。2013年广东省政府就南沙新区明确提出“启动申报自由贸易园区”计划",2,"2015-03-25",1,1,"2014-12-10 18:08:34","2016-02-21 09:12:52"
2303,"充电",,2,"2015-03-25",1,1,"2014-12-10 18:08:34","2016-02-21 09:12:52"
2306,"重组定增",,2,"2015-03-25",1,1,"2014-12-10 18:08:34","2016-02-21 09:12:52"
2312,"破发破净",,2,"2015-03-25",1,1,"2014-12-10 18:08:34","2016-02-21 09:12:52"
2331,"食品",,2,"2015-03-25",1,1,"2014-12-16 10:41:07","2016-02-21 09:12:52"
2333,"建筑业",,2,"2015-03-25",1,1,"2014-12-16 10:41:07","2016-02-21 09:12:52"
2358,"基因工程",,1,"2016-01-22",1,1,"2014-12-16 10:41:07","2016-02-21 09:12:52"
2373,"新型农业",,1,"2016-01-06",1,1,"2014-12-16 10:41:07","2016-02-21 09:12:52"
2379,"分布式能源",,1,"2016-01-12",1,1,"2014-12-16 10:41:07","2016-02-21 09:12:52"
2387,"铀矿",,1,"2016-01-16",1,1,"2014-12-16 10:41:07","2016-02-21 09:12:52"
2421,"农业电商",,1,"2016-01-22",1,1,"2014-12-16 10:41:07","2016-02-21 09:12:52"
2422,"OLED",,1,"2016-01-22",1,1,"2014-12-16 10:41:07","2016-02-21 09:12:52"
2436,"公路",,2,"2015-03-25",1,1,"2014-12-16 10:41:07","2016-02-21 09:12:53"
2439,"低估值",,2,"2015-03-25",1,1,"2014-12-16 10:41:07","2016-02-21 09:12:53"
2441,"采掘","来自申万行业分类",5,"2011-05-28",1,1,"2014-12-16 13:09:47","2016-02-21 09:12:53"
2443,"综合","来自申万行业分类",5,"2011-05-28",1,1,"2014-12-16 13:09:47","2016-02-21 09:12:53"
2445,"钢铁","来自申万行业分类",5,"2011-05-28",1,1,"2014-12-16 13:09:47","2016-02-21 09:12:53"
2446,"休闲服务","来自申万行业分类",5,"2011-05-28",1,1,"2014-12-16 13:09:47","2016-02-21 09:12:53"
2449,"电子","来自申万行业分类",5,"2011-05-28",1,1,"2014-12-16 13:09:47","2016-02-21 09:12:53"
2451,"家用电器","来自申万行业分类",5,"2011-05-28",1,1,"2014-12-16 13:09:47","2016-02-21 09:12:53"
2452,"商业贸易","来自申万行业分类",5,"2011-05-28",1,1,"2014-12-16 13:09:47","2016-02-21 09:12:53"
2457,"农业综合","来自申万行业分类",5,"2011-05-28",1,1,"2014-12-16 13:09:47","2016-02-21 09:12:53"
2458,"畜禽养殖","来自申万行业分类",5,"2011-05-28",1,1,"2014-12-16 13:09:47","2016-02-21 09:12:53"
2460,"石油开采","来自申万行业分类",5,"2011-05-28",1,1,"2014-12-16 13:09:47","2016-02-21 09:12:53"
2464,"采掘服务","来自申万行业分类",5,"2011-05-28",1,1,"2014-12-16 13:09:47","2016-02-21 09:12:53"
2465,"石油化工","来自申万行业分类",5,"2011-05-28",1,1,"2014-12-16 13:09:47","2016-02-21 09:12:53"
2469,"塑料","来自申万行业分类",5,"2011-05-28",1,1,"2014-12-16 13:09:47","2016-02-21 09:12:53"
2472,"餐饮","来自申万行业分类",5,"2011-05-28",1,1,"2014-12-16 13:09:47","2016-02-21 09:12:53"
2479,"基础建设","来自申万行业分类",5,"2011-05-28",1,1,"2014-12-16 13:09:47","2016-02-21 09:12:53"
2480,"计算机应用","来自申万行业分类",5,"2011-05-28",1,1,"2014-12-16 13:09:47","2016-02-21 09:12:53"
2482,"电机","来自申万行业分类",5,"2011-05-28",1,1,"2014-12-16 13:09:47","2016-02-21 09:12:53"
2488,"通用设备","来自申万行业分类",5,"2014-08-31",1,1,"2014-12-16 13:09:47","2016-02-21 09:12:53"
2489,"化学制药","来自申万行业分类",5,"2011-05-28",1,1,"2014-12-16 13:09:47","2016-02-21 09:12:53"
2492,"运输设备","来自申万行业分类",5,"2011-05-28",1,1,"2014-12-16 13:09:47","2016-02-21 09:12:53"
2497,"汽车整车","来自申万行业分类",5,"2011-05-28",1,1,"2014-12-16 13:09:47","2016-02-21 09:12:53"
2498,"互联网传媒","来自申万行业分类",5,"2011-05-28",1,1,"2014-12-16 13:09:47","2016-02-21 09:12:53"
2500,"环保工程及服务","来自申万行业分类",5,"2011-05-28",1,1,"2014-12-16 13:09:47","2016-02-21 09:12:53"
2502,"元件","来自申万行业分类",5,"2011-05-28",1,1,"2014-12-16 13:09:47","2016-02-21 09:12:53"
2509,"贸易","来自申万行业分类",5,"2011-05-28",1,1,"2014-12-16 13:09:47","2016-02-21 09:12:53"
2511,"造纸","来自申万行业分类",5,"2011-05-28",1,1,"2014-12-16 13:09:47","2016-02-21 09:12:53"
2518,"景点","来自申万行业分类",5,"2011-05-28",1,1,"2014-12-16 13:09:47","2016-02-21 09:12:53"
2520,"酒店","来自申万行业分类",5,"2011-05-28",1,1,"2014-12-16 13:09:47","2016-02-21 09:12:53"
2537,"农药","来自申万行业分类",5,"2011-05-28",1,1,"2014-12-16 13:09:47","2016-02-21 09:12:53"
2556,"锂","来自申万行业分类",5,"2011-05-28",1,1,"2014-12-16 13:09:47","2016-02-21 09:12:54"
2573,"综合电力设备","来自申万行业分类",5,"2014-08-31",1,1,"2014-12-16 13:09:47","2016-02-21 09:12:54"
2574,"光伏设备","来自申万行业分类",5,"2011-05-28",1,1,"2014-12-16 13:09:47","2016-02-21 09:12:54"
2575,"风电设备","来自申万行业分类",5,"2011-05-28",1,1,"2014-12-16 13:09:47","2016-02-21 09:12:54"
2602,"半导体材料","来自申万行业分类",5,"2011-05-28",1,1,"2014-12-16 13:09:47","2016-02-21 09:12:54"
2612,"彩电","来自申万行业分类",5,"2011-05-28",1,1,"2014-12-16 13:09:47","2016-02-21 09:12:54"
2690,"创业板",,1,"2016-01-06",1,1,"2014-12-10 18:09:46","2016-02-21 09:12:55"
2751,"融资融券",,1,"2015-12-01",1,1,"2014-12-10 18:09:46","2016-02-21 09:12:55"
2757,"深圳本地",,1,"2015-12-02",1,1,"2014-12-10 18:09:46","2016-02-21 09:12:55"
2762,"基金重仓",,1,"2015-12-01",1,1,"2014-12-10 18:09:46","2016-02-21 09:12:56"
2770,"资产注入","资产注入通常是指上市公司的控股股东把自家的优质的资产注入到上市公司里面去，以有效改善上市公司的资产质量，进而提高上市公司的盈利能力与股价，从而达到控股股东与中小股东“双赢”的目的",1,"2015-12-01",1,1,"2014-12-10 18:09:46","2016-02-21 09:12:56"
2780,"工业4.0板块",,2,"2015-03-25",1,1,"2014-12-10 18:09:46","2016-02-21 09:12:56"
2792,"超级细菌",,1,"2016-01-21",1,1,"2014-12-10 18:09:46","2016-02-21 09:12:56"
2798,"甲型流感",,1,"2016-01-19",1,1,"2014-12-10 18:09:46","2016-02-21 09:12:56"
2810,"网络安全",,1,"2015-12-24",1,1,"2014-12-10 18:09:46","2016-02-21 09:12:56"
2819,"互联网金融",,1,"2016-01-10",1,1,"2014-12-10 18:09:46","2016-02-21 09:12:56"
2820,"在线旅游","依托互联网，以满足旅游消费者信息查询、产品预定及服务评价为核心目的，囊括了包括航空公司、酒店、景区、租车公司、海内外旅游局等旅游服务供应商及搜索引擎、OTA、电信运营商、旅游资讯及社区网站等",1,"2016-01-17",1,1,"2014-12-10 18:09:46","2016-02-21 09:12:56"
2821,"食品安全",,1,"2016-01-21",1,1,"2014-12-10 18:09:46","2016-02-21 09:12:56"
2824,"丝绸之路",,1,"2016-01-17",1,1,"2014-12-10 18:09:46","2016-02-21 09:12:56"
2826,"特斯拉",,1,"2016-01-13",1,1,"2014-12-10 18:09:46","2016-02-21 09:12:56"
2829,"油气改革",,1,"2015-03-19",1,1,"2014-12-10 18:09:46","2016-02-21 09:12:56"
2836,"上海自贸",,1,"2015-04-27",1,1,"2014-12-10 18:09:46","2016-02-21 09:12:56"
2839,"聚氨酯","来自申万行业分类",5,"2011-05-28",1,1,"2014-12-10 18:09:46","2016-02-21 09:12:56"
2845,"智能交通",,1,"2016-01-22",1,1,"2014-12-10 18:09:46","2016-02-21 09:12:56"
2852,"高校背景",,1,"2015-03-19",1,1,"2014-12-10 18:09:46","2016-02-21 09:12:56"
2855,"节能环保",,1,"2016-01-21",1,1,"2014-12-10 18:09:46","2016-02-21 09:12:56"
2858,"自贸区",,1,"2015-03-19",1,1,"2014-12-10 18:09:46","2016-02-21 09:12:56"
2861,"金融改革",,1,"2015-12-14",1,1,"2014-12-10 18:09:46","2016-02-21 09:12:56"
2863,"海工装备",,1,"2016-01-21",1,1,"2014-12-10 18:09:46","2016-02-21 09:12:56"
2864,"太阳能",,1,"2016-01-18",1,1,"2014-12-10 18:09:46","2016-02-21 09:12:56"
2866,"水利建设",,1,"2015-12-02",1,1,"2014-12-10 18:09:46","2016-02-21 09:12:56"
2867,"核电核能",,1,"2016-01-22",1,1,"2014-12-10 18:09:46","2016-02-21 09:12:56"
2873,"低碳经济",,1,"2015-04-19",1,1,"2014-12-10 18:09:46","2016-02-21 09:12:57"
2875,"军工航天",,1,"2015-03-19",1,1,"2014-12-10 18:09:46","2016-02-21 09:12:57"
2876,"迪士尼",,1,"2016-01-20",1,1,"2014-12-10 18:09:46","2016-02-21 09:12:57"
2878,"铁路基建",,1,"2015-12-10",1,1,"2014-12-10 18:09:46","2016-02-21 09:12:57"
2879,"新能源",,1,"2016-01-17",1,1,"2014-12-10 18:09:46","2016-02-21 09:12:57"
2885,"LED","来自申万行业分类",5,"2011-05-28",1,1,"2014-12-10 18:09:46","2016-02-21 09:12:57"
2887,"海洋经济",,1,"2016-01-21",1,1,"2014-12-10 18:09:46","2016-02-21 09:12:57"
2891,"煤化工",,1,"2016-01-03",1,1,"2014-12-10 18:09:46","2016-02-21 09:12:57"
2903,"中字头",,1,"2015-06-07",1,1,"2014-12-10 18:09:46","2016-02-21 09:12:57"
2911,"国产软件",,1,"2016-01-21",1,1,"2014-12-10 18:09:46","2016-02-21 09:12:57"
2912,"小金属",,1,"2016-01-12",1,1,"2014-12-10 18:09:46","2016-02-21 09:12:57"
2930,"电力改革",,1,"2015-01-13",1,1,"2014-12-10 18:09:46","2016-02-21 09:12:57"
2936,"央企改革",,1,"2015-01-13",1,1,"2014-12-10 18:09:46","2016-02-21 09:12:57"
2946,"高标准农田建设",,1,"2016-01-11",1,1,"2014-12-10 18:09:46","2016-02-21 09:12:57"
2961,"大机械",,2,"2015-03-25",1,1,"2014-12-10 18:09:46","2016-02-21 09:12:57"
2971,"海外工程",,2,"2015-03-25",1,1,"2014-12-10 18:09:46","2016-02-21 09:12:57"
2986,"水泥行业",,2,"2015-03-25",1,1,"2014-12-10 18:09:46","2016-02-21 09:12:58"
3033,"征信",,1,"2016-01-21",1,1,"2014-12-10 18:09:46","2016-02-21 09:12:58"
4183,"新上海",,1,"2015-04-27",1,1,"2014-12-10 18:09:46","2016-02-21 09:12:58"
4185,"预亏预减",,1,"2016-01-06",1,1,"2014-12-10 18:09:46","2016-02-21 09:12:58"
4187,"指数权重",,1,"2015-03-20",1,1,"2014-12-10 18:09:46","2016-02-21 09:12:58"
5057,"五矿系",,1,"2016-01-22",1,1,"2014-12-10 18:09:46","2016-02-21 09:12:58"
5120,"电力工程",,2,"2015-03-25",1,1,"2014-12-10 18:09:46","2016-02-21 09:12:59"
5198,"智能识别",,1,"2016-01-21",1,1,"2014-12-10 18:09:46","2016-02-21 09:12:59"
5279,"股神",,2,"2015-03-25",1,1,"2014-12-10 18:09:46","2016-02-21 09:13:00"
5282,"信息化",,1,"2016-01-17",1,1,"2014-12-10 18:09:46","2016-02-21 09:13:00"
5305,"铅蓄电池",,1,"2015-01-13",1,1,"2014-12-10 18:09:46","2016-02-21 09:13:00"
5325,"配电网",,1,"2016-01-21",1,1,"2014-12-10 18:09:46","2016-02-21 09:13:00"
5373,"供气",,1,"2015-12-29",1,1,"2014-12-10 18:09:46","2016-02-21 09:13:01"
5380,"新疆振兴",,1,"2016-01-19",1,1,"2014-12-10 18:09:46","2016-02-21 09:13:01"
5399,"油菜籽",,1,"2016-01-22",1,1,"2014-12-10 18:09:46","2016-02-21 09:13:01"
5449,"维生素涨价",,1,"2015-01-13",1,1,"2014-12-10 18:09:46","2016-02-21 09:13:01"
5459,"贵金属",,1,"2016-01-21",1,1,"2014-12-10 18:09:46","2016-02-21 09:13:01"
5463,"元器件",,1,"2016-01-15",1,1,"2014-12-10 18:09:46","2016-02-21 09:13:01"
5535,"壳资源",,1,"2015-01-13",1,1,"2014-12-10 18:09:46","2016-02-21 09:13:02"
5541,"鸡尾酒",,1,"2016-01-19",1,1,"2014-12-10 18:09:46","2016-02-21 09:13:02"
5550,"公路建设",,1,"2015-01-13",1,1,"2014-12-10 18:09:46","2016-02-21 09:13:02"
5568,"豆粕",,1,"2016-01-17",1,1,"2014-12-10 18:09:46","2016-02-21 09:13:02"
5569,"医保",,1,"2016-01-16",1,1,"2014-12-10 18:09:46","2016-02-21 09:13:02"
5571,"大上海",,1,"2016-01-17",1,1,"2014-12-10 18:09:46","2016-02-21 09:13:02"
5577,"好莱坞",,1,"2016-01-19",1,1,"2014-12-10 18:09:46","2016-02-21 09:13:02"
5589,"微电影",,1,"2016-01-21",1,1,"2014-12-10 18:09:46","2016-02-21 09:13:02"
5628,"机床制造",,1,"2015-01-13",1,1,"2014-12-10 18:09:46","2016-02-21 09:13:03"
5669,"燃油",,1,"2016-01-17",1,1,"2014-12-10 18:09:46","2016-02-21 09:13:03"
5677,"交通示范区",,1,"2016-01-22",1,1,"2014-12-10 18:09:46","2016-02-21 09:13:03"
5696,"四大行",,1,"2015-01-13",1,1,"2014-12-10 18:09:46","2016-02-21 09:13:03"
5704,"业绩预增",,2,"2015-03-25",1,1,"2014-12-10 18:09:46","2016-02-21 09:13:03"
5740,"央企",,2,"2015-03-25",1,1,"2014-12-10 18:09:46","2016-02-21 09:13:04"
5743,"药店",,1,"2016-01-21",1,1,"2014-12-10 18:09:46","2016-02-21 09:13:04"
119848,"H7N9",,2,"2015-03-25",1,1,"2014-12-10 18:09:46","2016-02-21 09:13:04"
119851,"IDC",,2,"2015-03-25",1,1,"2014-12-10 18:09:46","2016-02-21 09:13:04"
119853,"iPhone5",,2,"2015-03-25",1,1,"2014-12-10 18:09:46","2016-02-21 09:13:04"
119854,"IPO受益",,1,"2015-04-19",1,1,"2014-12-10 18:09:46","2016-02-21 09:13:04"
119855,"IPO影子",,2,"2015-03-25",1,1,"2014-12-10 18:09:46","2016-02-21 09:13:04"
119856,"IPO重启",,2,"2015-03-25",1,1,"2014-12-10 18:09:46","2016-02-21 09:13:04"
119869,"NFC支付",,2,"2015-03-25",1,1,"2014-12-10 18:09:46","2016-02-21 09:13:04"
119873,"P2P网贷",,1,"2015-01-13",1,1,"2014-12-10 18:09:46","2016-02-21 09:13:04"
119886,"WIFI",,1,"2016-01-14",1,1,"2014-12-10 18:09:46","2016-02-21 09:13:04"
119888,"一号文件",,1,"2016-01-14",1,1,"2014-12-10 18:09:46","2016-02-21 09:13:04"
119905,"专业工程","来自申万行业分类",5,"2011-05-28",1,1,"2014-12-10 18:09:46","2016-02-21 09:13:04"
119912,"东北振兴",,2,"2015-03-25",1,1,"2014-12-10 18:09:46","2016-02-21 09:13:04"
119914,"东盟","东南亚国家联盟(Association of Southeast Asian Nations)，简称东盟(ASEAN)。成员国有印度尼西亚、马来西亚、菲律宾、新加坡、泰国、文莱、越南、老挝、缅甸和柬埔寨",2,"2015-03-25",1,1,"2014-12-10 18:09:46","2016-02-21 09:13:05"
119916,"两会",,1,"2016-01-15",1,1,"2014-12-10 18:09:46","2016-02-21 09:13:05"
119919,"两桶油改革",,1,"2015-06-23",1,1,"2014-12-10 18:09:46","2016-02-21 09:13:05"
119921,"中医",,2,"2015-03-25",1,1,"2014-12-10 18:09:46","2016-02-21 09:13:05"
119922,"中医药",,1,"2016-01-21",1,1,"2014-12-10 18:09:46","2016-02-21 09:13:05"
119924,"中国特斯拉",,2,"2015-03-25",1,1,"2014-12-10 18:09:46","2016-02-21 09:13:05"
119925,"中央一号文件",,2,"2015-03-25",1,1,"2014-12-10 18:09:46","2016-02-21 09:13:05"
119927,"中报",,2,"2015-03-25",1,1,"2014-12-10 18:09:46","2016-02-21 09:13:05"
119933,"中澳自贸",,2,"2015-03-25",1,1,"2014-12-10 18:09:46","2016-02-21 09:13:05"
119938,"中证500",,1,"2015-06-09",1,1,"2014-12-10 18:09:46","2016-02-21 09:13:05"
119949,"二手车",,1,"2016-01-18",1,1,"2014-12-10 18:09:46","2016-02-21 09:13:05"
119952,"二胎",,1,"2016-01-15",1,1,"2014-12-10 18:09:46","2016-02-21 09:13:05"
119955,"云服务",,1,"2016-01-20",1,1,"2014-12-10 18:09:46","2016-02-21 09:13:05"
119959,"互联网保险",,1,"2016-01-20",1,1,"2014-12-10 18:09:46","2016-02-21 09:13:05"
119964,"产业互联网",,2,"2015-03-25",1,1,"2014-12-10 18:09:46","2016-02-21 09:13:05"
119965,"产业资本增持",,2,"2015-03-25",1,1,"2014-12-10 18:09:46","2016-02-21 09:13:05"
119969,"人民币升值",,1,"2016-01-17",1,1,"2014-12-10 18:09:46","2016-02-21 09:13:05"
119971,"人脸识别",,1,"2016-01-11",1,1,"2014-12-10 18:09:46","2016-02-21 09:13:05"
119973,"企业兼并重组",,2,"2015-03-25",1,1,"2014-12-10 18:09:46","2016-02-21 09:13:05"
119979,"低碳",,1,"2016-01-20",1,1,"2014-12-10 18:09:46","2016-02-21 09:13:05"
119983,"体外诊断",,1,"2016-01-07",1,1,"2014-12-10 18:09:46","2016-02-21 09:13:05"
119992,"信息消费",,2,"2015-03-25",1,1,"2014-12-10 18:09:46","2016-02-21 09:13:05"
119993,"假日",,1,"2015-01-13",1,1,"2014-12-10 18:09:46","2016-02-21 09:13:05"
119994,"健康服务",,2,"2015-03-25",1,1,"2014-12-10 18:09:46","2016-02-21 09:13:05"
119995,"储能",,2,"2015-03-25",1,1,"2014-12-10 18:09:46","2016-02-21 09:13:05"
119999,"光热",,1,"2015-01-13",1,1,"2014-12-10 18:09:46","2016-02-21 09:13:05"
120001,"光纤","未来传输网络的最终目标，是构建全光网络，即在接入网、城域网、骨干网完全实现“光纤传输代替铜线传输”",1,"2016-01-21",1,1,"2014-12-10 18:09:46","2016-02-21 09:13:05"
120002,"光通信","光通信就是以光波为载波的通信方式。未来传输网络的最终目标，是构建全光网络，即在接入网、城域网、骨干网完全实现“光纤传输代替铜线传输”",1,"2016-01-12",1,1,"2014-12-10 18:09:46","2016-02-21 09:13:05"
120006,"免疫细胞",,2,"2015-03-25",1,1,"2014-12-10 18:09:46","2016-02-21 09:13:05"
120007,"全息",,2,"2015-03-25",1,1,"2014-12-10 18:09:46","2016-02-21 09:13:05"
120013,"养殖业",,2,"2015-03-25",1,1,"2014-12-10 18:09:46","2016-02-21 09:13:05"
120016,"养老服务","随着国家加强养老服务业的政策支持力度，财政、金融、用地、税费、人才、技术及服务等相关配套政策有望逐一完善落实，这将直接拉动养老相关行业，带动养老医疗、家庭用品、养老地产及养老服务等领域的发展",2,"2015-03-25",1,1,"2014-12-10 18:09:46","2016-02-21 09:13:05"
120020,"内燃机","来自申万行业分类",5,"2011-05-28",1,1,"2014-12-10 18:09:46","2016-02-21 09:13:05"
120022,"军改",,2,"2015-03-25",1,1,"2014-12-10 18:09:46","2016-02-21 09:13:06"
120023,"军民融合",,1,"2016-01-21",1,1,"2014-12-10 18:09:46","2016-02-21 09:13:06"
120025,"农业现代化",,1,"2016-01-22",1,1,"2014-12-10 18:09:46","2016-02-21 09:13:06"
120027,"农场",,2,"2015-03-25",1,1,"2014-12-10 18:09:46","2016-02-21 09:13:06"
120028,"农垦",,2,"2015-03-25",1,1,"2014-12-10 18:09:46","2016-02-21 09:13:06"
120031,"农村金融",,1,"2016-01-22",1,1,"2014-12-10 18:09:46","2016-02-21 09:13:06"
120035,"冰箱","来自申万行业分类",5,"2011-05-28",1,1,"2014-12-10 18:09:46","2016-02-21 09:13:06"
120040,"出租车",,2,"2015-03-25",1,1,"2014-12-10 18:09:46","2016-02-21 09:13:06"
120041,"分布式","分布式网络存储系统采用可扩展的系统结构，利用多台存储服务器分担存储负荷，利用位置服务器定位存储信息，不但解决了传统集中式存储系统中单存储服务器的瓶颈问题，还提高了系统的可靠性、可用性和扩展性。",2,"2015-03-25",1,1,"2014-12-10 18:09:46","2016-02-21 09:13:06"
120043,"制造业转型",,2,"2015-03-25",1,1,"2014-12-10 18:09:46","2016-02-21 09:13:06"
120045,"券商重仓",,1,"2015-04-27",1,1,"2014-12-10 18:09:46","2016-02-21 09:13:06"
120049,"包装印刷","来自申万行业分类",5,"2011-05-28",1,1,"2014-12-10 18:09:46","2016-02-21 09:13:06"
120050,"化妆品",,1,"2016-01-20",1,1,"2014-12-10 18:09:46","2016-02-21 09:13:06"
120054,"北部湾",,1,"2016-01-17",1,1,"2014-12-10 18:09:46","2016-02-21 09:13:06"
120057,"医改",,2,"2015-03-25",1,1,"2014-12-10 18:09:46","2016-02-21 09:13:06"
120058,"医疗保健",,2,"2015-03-25",1,1,"2014-12-10 18:09:46","2016-02-21 09:13:06"
120060,"医疗改革",,1,"2016-01-14",1,1,"2014-12-10 18:09:46","2016-02-21 09:13:06"
120063,"医药商业","来自申万行业分类",5,"2011-05-28",1,1,"2014-12-10 18:09:46","2016-02-21 09:13:06"
120064,"医药生物","来自申万行业分类",5,"2011-05-28",1,1,"2014-12-10 18:09:46","2016-02-21 09:13:06"
120069,"南海",,1,"2016-01-10",1,1,"2014-12-10 18:09:46","2016-02-21 09:13:06"
120073,"卡商",,2,"2015-03-25",1,1,"2014-12-10 18:09:46","2016-02-21 09:13:06"
120075,"印刷",,1,"2016-01-15",1,1,"2014-12-10 18:09:46","2016-02-21 09:13:06"
120101,"啤酒","来自申万行业分类",5,"2011-05-28",1,1,"2014-12-10 18:09:46","2016-02-21 09:13:06"
120109,"国企改制",,2,"2015-03-25",1,1,"2014-12-10 18:09:46","2016-02-21 09:13:06"
120110,"国企重组",,2,"2015-03-25",1,1,"2014-12-10 18:09:46","2016-02-21 09:13:06"
120113,"国安",,2,"2015-03-25",1,1,"2014-12-10 18:09:46","2016-02-21 09:13:06"
120117,"国资改革题材",,2,"2015-03-25",1,1,"2014-12-10 18:09:46","2016-02-21 09:13:06"
120118,"国资重组",,2,"2015-03-25",1,1,"2014-12-10 18:09:46","2016-02-21 09:13:06"
120146,"外贸",,1,"2016-01-11",1,1,"2014-12-10 18:09:46","2016-02-21 09:13:07"
120147,"多晶硅",,1,"2015-12-22",1,1,"2014-12-10 18:09:46","2016-02-21 09:13:07"
120148,"大娱乐",,2,"2015-03-25",1,1,"2014-12-10 18:09:46","2016-02-21 09:13:07"
120149,"大数据",,1,"2016-01-22",1,1,"2014-12-10 18:09:46","2016-02-21 09:13:07"
120151,"大气污染",,2,"2015-03-25",1,1,"2014-12-10 18:09:46","2016-02-21 09:13:07"
120153,"大气治理",,1,"2016-01-22",1,1,"2014-12-10 18:09:46","2016-02-21 09:13:07"
120155,"大飞机",,1,"2016-01-21",1,1,"2014-12-10 18:09:46","2016-02-21 09:13:07"
120161,"太阳能电池",,2,"2015-03-25",1,1,"2014-12-10 18:09:46","2016-02-21 09:13:07"
120162,"央企国资改革",,2,"2015-03-25",1,1,"2014-12-10 18:09:46","2016-02-21 09:13:07"
120163,"奢侈品",,1,"2016-01-16",1,1,"2014-12-10 18:09:46","2016-02-21 09:13:07"
120164,"奥运",,2,"2015-03-25",1,1,"2014-12-10 18:09:46","2016-02-21 09:13:07"
120167,"奶粉",,1,"2016-01-18",1,1,"2014-12-10 18:09:46","2016-02-21 09:13:07"
120174,"安防",,1,"2016-01-15",1,1,"2014-12-10 18:09:46","2016-02-21 09:13:07"
120175,"宝宝",,2,"2015-03-25",1,1,"2014-12-10 18:09:46","2016-02-21 09:13:07"
120186,"尿素",,1,"2016-01-22",1,1,"2014-12-10 18:09:46","2016-02-21 09:13:07"
120191,"年报",,2,"2015-03-25",1,1,"2014-12-10 18:09:46","2016-02-21 09:13:07"
120192,"年报预增",,2,"2015-03-25",1,1,"2014-12-10 18:09:46","2016-02-21 09:13:07"
120193,"并购预期",,2,"2015-03-25",1,1,"2014-12-10 18:09:46","2016-02-21 09:13:07"
120197,"广电",,2,"2015-03-25",1,1,"2014-12-10 18:09:46","2016-02-21 09:13:07"
120207,"情人节",,2,"2015-03-25",1,1,"2014-12-10 18:09:46","2016-02-21 09:13:07"
120209,"手机支付",,1,"2016-01-20",1,1,"2014-12-10 18:09:46","2016-02-21 09:13:07"
120213,"打印",,2,"2015-03-25",1,1,"2014-12-10 18:09:46","2016-02-21 09:13:07"
120220,"指纹",,2,"2015-03-25",1,1,"2014-12-10 18:09:46","2016-02-21 09:13:07"
120221,"振兴东北",,1,"2016-01-15",1,1,"2014-12-10 18:09:46","2016-02-21 09:13:07"
120223,"摘帽","撤销特别处理的股票代码前不再有ST标记，俗称“摘帽”",2,"2015-03-25",1,1,"2014-12-10 18:09:46","2016-02-21 09:13:07"
120226,"改革主题",,2,"2015-03-25",1,1,"2014-12-10 18:09:46","2016-02-21 09:13:07"
120227,"救灾",,2,"2015-03-25",1,1,"2014-12-10 18:09:46","2016-02-21 09:13:07"
120239,"新消费",,2,"2015-03-25",1,1,"2014-12-10 18:09:46","2016-02-21 09:13:07"
120240,"新疆发展",,1,"2016-01-21",1,1,"2014-12-10 18:09:46","2016-02-21 09:13:07"
120252,"无人驾驶汽车",,2,"2015-03-25",1,1,"2014-12-10 18:09:46","2016-02-21 09:13:07"
120256,"春节旅游",,2,"2015-03-25",1,1,"2014-12-10 18:09:46","2016-02-21 09:13:07"
120265,"智能制造",,2,"2015-03-25",1,1,"2014-12-10 18:09:46","2016-02-21 09:13:07"
120271,"智能机器",,1,"2016-01-06",1,1,"2014-12-10 18:09:46","2016-02-21 09:13:08"
120272,"智能机器人",,2,"2015-03-25",1,1,"2014-12-10 18:09:46","2016-02-21 09:13:08"
120277,"智能设备",,2,"2015-03-25",1,1,"2014-12-10 18:09:46","2016-02-21 09:13:08"
120282,"服务器",,2,"2015-03-25",1,1,"2014-12-10 18:09:46","2016-02-21 09:13:08"
120286,"机械设备","来自申万行业分类",5,"2011-05-28",1,1,"2014-12-10 18:09:46","2016-02-21 09:13:08"
120298,"棉花",,1,"2015-01-13",1,1,"2014-12-10 18:09:46","2016-02-21 09:13:08"
120306,"比特币","比特币是一种独立于传统银行的电子货币，这种虚拟货币建立在一个解决复杂数学问题的计算机网络基础上，在这个过程中验证并永久记录下每一笔比特币交易的细节。比特币的供应不存在中央权威机构管理。",2,"2015-03-25",1,1,"2014-12-10 18:09:46","2016-02-21 09:13:08"
120307,"民参军","民用资本参股军工企业",2,"2015-03-25",1,1,"2014-12-10 18:09:46","2016-02-21 09:13:08"
120311,"民营医疗",,2,"2015-03-25",1,1,"2014-12-10 18:09:46","2016-02-21 09:13:08"
120317,"氢燃料",,1,"2015-03-19",1,1,"2014-12-10 18:09:46","2016-02-21 09:13:08"
120322,"氯碱","来自申万行业分类",5,"2011-05-28",1,1,"2014-12-10 18:09:46","2016-02-21 09:13:08"
120329,"汽车电子",,1,"2016-01-09",1,1,"2014-12-10 18:09:46","2016-02-21 09:13:08"
120332,"沥青",,1,"2016-01-18",1,1,"2014-12-10 18:09:46","2016-02-21 09:13:08"
120334,"沪国资改革",,2,"2015-03-25",1,1,"2014-12-10 18:09:46","2016-02-21 09:13:08"
120347,"治霾",,2,"2015-03-25",1,1,"2014-12-10 18:09:46","2016-02-21 09:13:08"
120357,"海水淡化",,1,"2016-01-21",1,1,"2014-12-10 18:09:46","2016-02-21 09:13:08"
120362,"涉农",,2,"2015-03-25",1,1,"2014-12-10 18:09:46","2016-02-21 09:13:08"
120367,"淘宝",,1,"2016-01-13",1,1,"2014-12-10 18:09:46","2016-02-21 09:13:08"
120369,"深圳国资改革",,2,"2015-03-25",1,1,"2014-12-10 18:09:46","2016-02-21 09:13:08"
120370,"深港通",,1,"2016-01-20",1,1,"2014-12-10 18:09:46","2016-02-21 09:13:08"
120372,"渔业","来自申万行业分类",5,"2011-05-28",1,1,"2014-12-10 18:09:46","2016-02-21 09:13:08"
120375,"激光",,1,"2016-01-16",1,1,"2014-12-10 18:09:46","2016-02-21 09:13:08"
120380,"焦炭",,1,"2015-01-13",1,1,"2014-12-10 18:09:46","2016-02-21 09:13:08"
120381,"焦煤","在中国煤炭分类国家标准中，是对煤化度较高，结焦性好的烟煤的称谓。又称主焦煤。",1,"2015-01-13",1,1,"2014-12-10 18:09:46","2016-02-21 09:13:08"
120390,"燃料电池",,1,"2015-03-20",1,1,"2014-12-10 18:09:46","2016-02-21 09:13:08"
120392,"牙膏",,1,"2016-01-22",1,1,"2014-12-10 18:09:46","2016-02-21 09:13:08"
120393,"牛肉",,1,"2016-01-21",1,1,"2014-12-10 18:09:46","2016-02-21 09:13:08"
120399,"猪肉",,1,"2016-01-22",1,1,"2014-12-10 18:09:46","2016-02-21 09:13:09"
120401,"王亚伟",,2,"2015-03-25",1,1,"2014-12-10 18:09:46","2016-02-21 09:13:09"
120407,"玻纤","来自申万行业分类",5,"2011-05-28",1,1,"2014-12-10 18:09:46","2016-02-21 09:13:09"
120408,"珠三角",,1,"2016-01-16",1,1,"2014-12-10 18:09:46","2016-02-21 09:13:09"
120414,"生态农业",,1,"2015-12-18",1,1,"2014-12-10 18:09:46","2016-02-21 09:13:09"
120419,"生物医药",,1,"2016-01-21",1,1,"2014-12-10 18:09:46","2016-02-21 09:13:09"
120421,"生物疫苗",,1,"2016-01-21",1,1,"2014-12-10 18:09:46","2016-02-21 09:13:09"
120422,"生物识别","通过计算机与光学、声学、生物传感器和生物统计学原理等高科技手段密切结合，利用人体固有的生理特性，（如指纹、脸象、虹膜等）和行为特征（如笔迹、声音、步态等）来进行个人身份的鉴定",2,"2015-03-25",1,1,"2014-12-10 18:09:46","2016-02-21 09:13:09"
120426,"生猪",,2,"2015-03-25",1,1,"2014-12-10 18:09:46","2016-02-21 09:13:09"
120433,"电子信息",,1,"2016-01-18",1,1,"2014-12-10 18:09:46","2016-02-21 09:13:09"
120438,"电气设备","来自申万行业分类",5,"2011-05-28",1,1,"2014-12-10 18:09:46","2016-02-21 09:13:09"
120440,"电石",,1,"2016-01-22",1,1,"2014-12-10 18:09:46","2016-02-21 09:13:09"
120446,"男装","来自申万行业分类",5,"2011-05-28",1,1,"2014-12-10 18:09:46","2016-02-21 09:13:09"
120448,"畜牧业",,1,"2016-01-12",1,1,"2014-12-10 18:09:46","2016-02-21 09:13:09"
120449,"畜禽",,2,"2015-03-25",1,1,"2014-12-10 18:09:46","2016-02-21 09:13:09"
120451,"疫情",,2,"2015-03-25",1,1,"2014-12-10 18:09:46","2016-02-21 09:13:09"
120455,"百货","来自申万行业分类",5,"2011-05-28",1,1,"2014-12-10 18:09:46","2016-02-21 09:13:09"
120461,"直升机","低空开放政策撬动民用直升机广阔的市场前景",2,"2015-03-25",1,1,"2014-12-10 18:09:46","2016-02-21 09:13:09"
120463,"石化改革","随着国内重大能源通道建设的推进，油气管道需求量也迎来加速释放期。未来5年，新建天然气管道将达3万公里以上，新建原油管道达1万公里以上，新建成品油管道1万至15万公里以上，油气管线共需投资约3500亿元。另外，中俄天然气大单签订后，中国段管线建设规模，预计带来数百亿投资。",2,"2015-03-25",1,1,"2014-12-10 18:09:46","2016-02-21 09:13:09"
120472,"碳交易",,1,"2016-01-21",1,1,"2014-12-10 18:09:46","2016-02-21 09:13:09"
120475,"磁悬浮",,2,"2015-03-25",1,1,"2014-12-10 18:09:46","2016-02-21 09:13:09"
120478,"社保重仓",,1,"2016-01-21",1,1,"2014-12-10 18:09:46","2016-02-21 09:13:09"
120480,"禽流感",,1,"2016-01-21",1,1,"2014-12-10 18:09:46","2016-02-21 09:13:09"
120483,"科技创新",,2,"2015-03-25",1,1,"2014-12-10 18:09:46","2016-02-21 09:13:09"
120485,"租车",,1,"2016-01-22",1,1,"2014-12-10 18:09:46","2016-02-21 09:13:09"
120495,"空气治理",,1,"2016-01-21",1,1,"2014-12-10 18:09:46","2016-02-21 09:13:09"
120502,"类银行",,2,"2015-03-25",1,1,"2014-12-10 18:09:46","2016-02-21 09:13:10"
120510,"纳米",,1,"2016-01-19",1,1,"2014-12-10 18:09:46","2016-02-21 09:13:10"
120515,"细胞免疫治疗",,1,"2016-01-22",1,1,"2014-12-10 18:09:46","2016-02-21 09:13:10"
120516,"细胞治疗","利用某些具有特定功能的细胞的特性，采用生物工程方法获取和/或通过体外扩增、特殊培养等处理后，使这些细胞具有增强免疫、杀死病原体和肿瘤细胞、促进组织器官再生和机体康复等治疗功效，从而达到治疗疾病的目的。",2,"2015-03-25",1,1,"2014-12-10 18:09:46","2016-02-21 09:13:10"
120518,"维稳",,1,"2016-01-06",1,1,"2014-12-10 18:09:46","2016-02-21 09:13:10"
120519,"绿色建筑",,1,"2016-01-04",1,1,"2014-12-10 18:09:46","2016-02-21 09:13:10"
120521,"绿色金融","金融机构将环境评估纳入流程，在投融资行为中注重对生态环境的保护，注重绿色产业的发展",2,"2015-03-25",1,1,"2014-12-10 18:09:46","2016-02-21 09:13:10"
120529,"美丽中国",,1,"2015-12-29",1,1,"2014-12-10 18:09:46","2016-02-21 09:13:10"
120534,"老字号",,2,"2015-03-25",1,1,"2014-12-10 18:09:46","2016-02-21 09:13:10"
120535,"老龄化",,1,"2016-01-22",1,1,"2014-12-10 18:09:46","2016-02-21 09:13:10"
120536,"耳机",,2,"2015-03-25",1,1,"2014-12-10 18:09:46","2016-02-21 09:13:10"
120549,"舟山",,2,"2015-03-25",1,1,"2014-12-10 18:09:46","2016-02-21 09:13:10"
120555,"艺术品",,1,"2016-01-11",1,1,"2014-12-10 18:09:46","2016-02-21 09:13:10"
120557,"节日",,2,"2015-03-25",1,1,"2014-12-10 18:09:46","2016-02-21 09:13:10"
120558,"节水",,2,"2015-03-25",1,1,"2014-12-10 18:09:46","2016-02-21 09:13:10"
120559,"节能减排",,1,"2016-01-16",1,1,"2014-12-10 18:09:46","2016-02-21 09:13:10"
120561,"苹果产业链",,1,"2016-01-21",1,1,"2014-12-10 18:09:46","2016-02-21 09:13:10"
120572,"蓄电池",,1,"2016-01-20",1,1,"2014-12-10 18:09:46","2016-02-21 09:13:10"
120574,"虫草",,2,"2015-03-25",1,1,"2014-12-10 18:09:46","2016-02-21 09:13:10"
120585,"触摸屏",,1,"2016-01-14",1,1,"2014-12-10 18:09:46","2016-02-21 09:13:10"
120588,"证联",,2,"2015-03-25",1,1,"2014-12-10 18:09:46","2016-02-21 09:13:10"
120591,"谷歌",,2,"2015-03-25",1,1,"2014-12-10 18:09:46","2016-02-21 09:13:10"
120609,"转基因",,1,"2016-01-21",1,1,"2014-12-10 18:09:46","2016-02-21 09:13:10"
120612,"轻工制造","来自申万行业分类",5,"2011-05-28",1,1,"2014-12-10 18:09:46","2016-02-21 09:13:11"
120615,"退二进三","指在产业结构调整中，缩小第二产业，发展第三产业",2,"2015-03-25",1,1,"2014-12-10 18:09:46","2016-02-21 09:13:11"
120621,"酒店餐饮",,1,"2016-01-10",1,1,"2014-12-10 18:09:46","2016-02-21 09:13:11"
120630,"金改",,1,"2016-01-21",1,1,"2014-12-10 18:09:46","2016-02-21 09:13:11"
120638,"钨","来自申万行业分类",5,"2011-05-28",1,1,"2014-12-10 18:09:46","2016-02-21 09:13:11"
120640,"钱荒",,2,"2015-03-25",1,1,"2014-12-10 18:09:46","2016-02-21 09:13:11"
120648,"铁路运输","来自申万行业分类",5,"2011-05-28",1,1,"2014-12-10 18:09:46","2016-02-21 09:13:11"
120651,"铜矿",,2,"2015-03-25",1,1,"2014-12-10 18:09:46","2016-02-21 09:13:11"
120656,"银联",,1,"2016-01-13",1,1,"2014-12-10 18:09:46","2016-02-21 09:13:11"
120660,"锂矿",,1,"2016-01-22",1,1,"2014-12-10 18:09:46","2016-02-21 09:13:11"
120662,"锅炉",,1,"2016-01-09",1,1,"2014-12-10 18:09:46","2016-02-21 09:13:11"
120663,"锆",,1,"2016-01-16",1,1,"2014-12-10 18:09:46","2016-02-21 09:13:11"
120665,"锡",,1,"2015-12-08",1,1,"2014-12-10 18:09:46","2016-02-21 09:13:11"
120669,"长三角",,1,"2015-12-31",1,1,"2014-12-10 18:09:46","2016-02-21 09:13:11"
120670,"长假",,2,"2015-03-25",1,1,"2014-12-10 18:09:46","2016-02-21 09:13:11"
120678,"阶梯电价",,1,"2016-01-21",1,1,"2014-12-10 18:09:46","2016-02-21 09:13:11"
120687,"雾霾",,2,"2015-03-25",1,1,"2014-12-10 18:09:46","2016-02-21 09:13:11"
120688,"雾霾治理",,2,"2015-03-25",1,1,"2014-12-10 18:09:46","2016-02-21 09:13:11"
120697,"飞机租赁",,1,"2016-01-22",1,1,"2014-12-10 18:09:46","2016-02-21 09:13:11"
120698,"食品检测","根据《国家食品安全监管体系“十二五”规划》要求，未来食品污染物和有害因素监测将覆盖全部县级行政区域，监测网点扩大到2870个；预计拉动食品检测市场规模超过200亿，年均复合增速超过50%。在此前后，各地政府就已开始密集地进行食品安全专项检查和整治。",2,"2015-03-25",1,1,"2014-12-10 18:09:46","2016-02-21 09:13:11"
120701,"饮用水安全","《全国城市饮用水安全保障规划(2006―2020)》提出，到2020年，国家将全面改善设市城市和县级城镇的饮用水安全状况，建立起比较完善的饮用水安全保障体系。",2,"2015-03-25",1,1,"2014-12-10 18:09:46","2016-02-21 09:13:11"
120710,"高分红",,2,"2015-03-25",1,1,"2014-12-10 18:09:46","2016-02-21 09:13:11"
120719,"龙头股军工",,1,"2015-01-13",1,1,"2014-12-10 18:09:46","2016-02-21 09:13:12"
120720,"宁波",,1,"2015-03-25",1,1,"2014-12-10 18:09:46","2016-02-21 09:13:12"
120727,"手机芯片",,1,"2016-01-21",1,1,"2014-12-10 18:09:46","2016-02-21 09:13:12"
120732,"碳基金",,2,"2015-03-25",1,1,"2015-01-22 09:00:28","2016-02-21 09:13:12"
120763,"足球产业",,2,"2015-03-25",1,1,"2015-02-03 09:00:09","2016-02-21 09:13:12"
120764,"定增重组",,2,"2015-03-25",1,1,"2015-02-03 09:00:09","2016-02-21 09:13:12"
120767,"文具",,1,"2016-01-21",1,1,"2015-02-03 09:00:09","2016-02-21 09:13:12"
120776,"微博",,1,"2016-01-11",1,1,"2015-02-03 09:00:09","2016-02-21 09:13:12"
120795,"节能",,1,"2015-01-13",1,1,"2015-02-03 09:00:09","2016-02-21 09:13:12"
120819,"网贷",,2,"2015-03-25",1,1,"2015-02-03 09:00:09","2016-02-21 09:13:12"
120820,"亚马逊",,1,"2016-01-17",1,1,"2015-02-03 09:00:09","2016-02-21 09:13:12"
120836,"旅游业",,2,"2015-03-25",1,1,"2015-02-03 09:00:09","2016-02-21 09:13:12"
120843,"创客",,1,"2016-01-14",1,1,"2015-02-11 09:00:14","2016-02-21 09:13:12"
120847,"高送转潜力",,2,"2015-03-25",1,1,"2015-02-11 09:00:14","2016-02-21 09:13:12"
120862,"生态环保",,2,"2015-03-25",1,1,"2015-02-11 09:00:14","2016-02-21 09:13:12"
120865,"首富",,2,"2015-03-25",1,1,"2015-02-11 09:00:14","2016-02-21 09:13:12"
120867,"次新",,2,"2015-03-25",1,1,"2015-02-11 09:00:14","2016-02-21 09:13:12"
120875,"食品安全检测",,2,"2015-03-25",1,1,"2015-02-11 09:00:14","2016-02-21 09:13:12"
120879,"环境安全",,2,"2015-03-25",1,1,"2015-02-11 09:00:14","2016-02-21 09:13:12"
120880,"消费品",,2,"2015-03-25",1,1,"2015-02-11 09:00:14","2016-02-21 09:13:12"
120886,"高成长",,2,"2015-03-25",1,1,"2015-02-11 09:00:14","2016-02-21 09:13:12"
120889,"高管增持",,2,"2015-03-25",1,1,"2015-02-11 09:00:14","2016-02-21 09:13:12"
120893,"注册制",,2,"2015-03-25",1,1,"2015-02-11 09:00:14","2016-02-21 09:13:12"
120936,"副中心",,2,"2015-03-25",1,1,"2015-02-11 09:00:14","2016-02-21 09:13:12"
120938,"双引擎",,2,"2015-03-25",1,1,"2015-02-11 09:00:14","2016-02-21 09:13:12"
120940,"婚庆",,2,"2015-03-25",1,1,"2015-02-11 09:00:14","2016-02-21 09:13:12"
120941,"婴儿",,2,"2015-03-25",1,1,"2015-02-11 09:00:14","2016-02-21 09:13:12"
120946,"智能硬件",,2,"2015-03-25",1,1,"2015-02-11 09:00:14","2016-02-21 09:13:12"
120947,"港股通",,2,"2015-03-25",1,1,"2015-02-11 09:00:14","2016-02-21 09:13:13"
120951,"苹果支付",,2,"2015-03-25",1,1,"2015-02-11 09:00:14","2016-02-21 09:13:13"
120952,"激光器",,1,"2015-01-13",1,1,"2015-02-11 09:00:14","2016-02-21 09:13:13"
120962,"纯碱","来自申万行业分类",5,"2011-05-28",1,1,"2015-02-11 09:00:14","2016-02-21 09:13:13"
120968,"拍卖",,2,"2015-03-25",1,1,"2015-02-12 17:29:12","2016-02-21 09:13:13"
120979,"中广核",,2,"2015-03-25",1,1,"2015-02-12 17:29:27","2016-02-21 09:13:13"
120981,"建筑材料","来自申万行业分类",5,"2011-05-28",1,1,"2015-02-13 09:00:14","2016-02-21 09:13:13"
121011,"精准医疗",,1,"2016-01-10",1,1,"2015-02-27 09:00:38","2016-02-21 09:13:13"
121021,"驾校",,1,"2016-01-13",1,1,"2015-03-02 09:00:36","2016-02-21 09:13:13"
121022,"业绩预升",,1,"2015-12-01",1,1,"2015-03-02 09:00:36","2016-02-21 09:13:13"
121024,"智能家电",,2,"2015-03-25",1,1,"2015-03-03 09:00:36","2016-02-21 09:13:13"
121036,"互联网+",,1,"2016-01-14",1,1,"2015-03-08 09:00:23","2016-02-21 09:13:13"
121042,"再保",,2,"2015-03-25",1,1,"2015-03-13 09:00:37","2016-02-21 09:13:13"
121043,"高新园区",,2,"2015-03-25",1,1,"2015-03-14 09:00:27","2016-02-21 09:13:13"
121046,"全网通",,2,"2015-03-25",1,1,"2015-03-18 09:01:00","2016-02-21 09:13:13"
121047,"大环保",,2,"2015-03-25",1,1,"2015-03-18 09:01:11","2016-02-21 09:13:13"
121048,"丝路基金",,2,"2015-03-25",1,1,"2015-03-18 09:01:13","2016-02-21 09:13:13"
121049,"网络医院",,2,"2015-03-25",1,1,"2015-03-18 09:01:15","2016-02-21 09:13:13"
121050,"降息",,2,"2015-03-25",1,1,"2015-03-18 09:01:16","2016-02-21 09:13:13"
121051,"中国制造2025",,2,"2015-03-25",1,1,"2015-03-18 09:01:16","2016-02-21 09:13:13"
121055,"网络银行",,1,"2016-01-14",1,1,"2015-03-20 09:00:12","2016-02-21 09:13:13"
121061,"电视",,2,"2015-03-25",1,1,"2015-03-26 09:00:13","2016-02-21 09:13:13"
121080,"业绩预降",,1,"2015-06-28",1,1,"2015-04-17 09:00:29","2016-02-21 09:13:13"
121082,"机构重仓",,1,"2016-01-21",1,1,"2015-04-18 09:00:39","2016-02-21 09:13:13"
121088,"不动产登记",,2,"2015-03-25",1,1,"2015-04-22 09:01:01","2016-02-21 09:13:13"
121092,"员工持股计划",,2,"2015-03-25",1,1,"2015-04-23 09:00:49","2016-02-21 09:13:13"
121093,"工业互联网",,2,"2015-03-25",1,1,"2015-04-23 09:00:49","2016-02-21 09:13:13"
121097,"互联网医疗",,2,"2015-03-25",1,1,"2015-04-23 09:00:50","2016-02-21 09:13:13"
121099,"央企合并",,2,"2015-03-25",1,1,"2015-04-23 09:00:50","2016-02-21 09:13:13"
121114,"政策预期",,2,"2015-03-25",1,1,"2015-04-23 17:47:24","2016-02-21 09:13:14"
121135,"医药医疗",,2,"2015-03-25",1,1,"2015-04-23 17:47:32","2016-02-21 09:13:14"
121159,"环保农业",,2,"2015-03-25",1,1,"2015-04-23 17:47:56","2016-02-21 09:13:14"
121161,"金改试点",,2,"2015-03-25",1,1,"2015-04-23 17:48:01","2016-02-21 09:13:14"
121167,"苏州",,2,"2015-03-25",1,1,"2015-04-23 17:48:05","2016-02-21 09:13:14"
121191,"水利基建",,2,"2015-03-25",1,1,"2015-04-23 17:48:09","2016-02-21 09:13:14"
121200,"光伏行业",,2,"2015-03-25",1,1,"2015-04-23 17:48:12","2016-02-21 09:13:14"
121205,"人民币贬值",,1,"2016-01-16",1,1,"2015-04-23 17:48:12","2016-02-21 09:13:14"
121212,"自主创新",,2,"2015-03-25",1,1,"2015-04-23 17:48:12","2016-02-21 09:13:14"
121224,"林业板块",,2,"2015-03-25",1,1,"2015-04-23 17:48:13","2016-02-21 09:13:14"
121233,"基因医疗",,2,"2015-03-25",1,1,"2015-04-23 17:48:13","2016-02-21 09:13:14"
121255,"电影",,2,"2015-03-25",1,1,"2015-04-23 17:48:14","2016-02-21 09:13:14"
121261,"西藏",,2,"2015-03-25",1,1,"2015-04-23 17:48:14","2016-02-21 09:13:14"
121265,"再保险",,2,"2015-03-25",1,1,"2015-04-23 17:48:14","2016-02-21 09:13:14"
121272,"无人汽车",,2,"2015-03-25",1,1,"2015-04-23 17:48:14","2016-02-21 09:13:14"
121281,"原油",,2,"2015-03-25",1,1,"2015-04-23 17:48:14","2016-02-21 09:13:14"
121290,"比亚迪",,2,"2015-03-25",1,1,"2015-04-23 17:48:15","2016-02-21 09:13:14"
121302,"百元股",,2,"2015-03-25",1,1,"2015-04-23 17:48:15","2016-02-21 09:13:14"
121311,"大健康",,2,"2015-03-25",1,1,"2015-04-23 17:48:15","2016-02-21 09:13:14"
121317,"合并重组",,2,"2015-03-25",1,1,"2015-04-23 17:48:15","2016-02-21 09:13:14"
121320,"网络传媒",,2,"2015-03-25",1,1,"2015-04-23 17:48:15","2016-02-21 09:13:14"
121322,"能源互联网",,1,"2016-01-20",1,1,"2015-04-25 09:00:12","2016-02-21 09:13:14"
121331,"央企重组",,2,"2015-03-30",1,1,"2015-04-29 09:00:24","2016-02-21 09:13:14"
121339,"资源回收",,2,"2015-03-31",1,1,"2015-04-30 09:00:19","2016-02-21 09:13:14"
121348,"信息服务","来自申万行业分类",5,"2011-05-28",1,1,"2015-05-07 17:45:55","2016-02-21 09:13:14"
121350,"零售","来自申万行业分类",5,"2011-05-28",1,1,"2015-05-07 17:46:06","2016-02-21 09:13:14"
121371,"大央企重组",,2,"2015-04-12",1,1,"2015-05-12 09:00:33","2016-02-21 09:13:15"
121375,"四川",,1,"2015-04-14",1,1,"2015-05-14 09:00:23","2016-02-21 09:13:15"
121377,"湖南",,1,"2015-04-14",1,1,"2015-05-14 09:00:23","2016-02-21 09:13:15"
121382,"深圳",,1,"2015-04-15",1,1,"2015-05-15 09:00:16","2016-02-21 09:13:15"
121386,"装备制造",,2,"2015-04-22",1,1,"2015-05-22 09:00:13","2016-02-21 09:13:15"
121400,"三主线掘金",,2,"2015-04-23",1,1,"2015-05-23 09:00:10","2016-02-21 09:13:15"
121401,"互联网通信",,2,"2015-04-23",1,1,"2015-05-23 09:00:10","2016-02-21 09:13:15"
121402,"互联网农业",,2,"2015-04-23",1,1,"2015-05-23 09:00:10","2016-02-21 09:13:15"
121675,"家电行业",,2,"2015-05-03",1,1,"2015-06-02 09:01:48","2016-02-21 09:13:15"
121677,"虚拟现实",,1,"2015-12-18",1,1,"2015-06-02 09:01:48","2016-02-21 09:13:15"
121698,"影视IP",,2,"2015-05-17",1,1,"2015-06-16 09:00:45","2016-02-21 09:13:15"
121736,"IP",,2,"2015-05-28",1,1,"2015-06-27 09:00:03","2016-02-21 09:13:15"
121741,"绿色产业",,2,"2015-05-31",1,1,"2015-06-30 09:00:03","2016-02-21 09:13:15"
121748,"兼并重组",,2,"2015-06-07",1,1,"2015-07-07 09:00:27","2016-02-21 09:13:15"
121751,"最全",,2,"2015-06-07",1,1,"2015-07-07 09:00:27","2016-02-21 09:13:15"
121754,"高送转双",,2,"2015-06-09",1,1,"2015-07-09 09:00:06","2016-02-21 09:13:15"
121755,"液晶",,2,"2015-06-09",1,1,"2015-07-09 09:00:06","2016-02-21 09:13:15"
121757,"私有化",,2,"2015-06-10",1,1,"2015-07-10 09:00:02","2016-02-21 09:13:15"
121777,"预高送转",,2,"2015-08-09",1,1,"2015-09-08 09:01:49","2016-02-21 09:13:15"
121778,"证金",,2,"2015-08-09",1,1,"2015-09-08 09:01:50","2016-02-21 09:13:15"
121784,"在线旅游行业",,2,"2015-08-09",1,1,"2015-09-08 09:01:50","2016-02-21 09:13:15"
121797,"金服",,2,"2015-08-09",1,1,"2015-09-08 09:01:51","2016-02-21 09:13:15"
121824,"航运板块",,2,"2015-08-09",1,1,"2015-09-08 09:01:52","2016-02-21 09:13:15"
121834,"商业连锁",,2,"2015-08-09",1,1,"2015-09-08 09:01:53","2016-02-21 09:13:15"
121838,"监测",,2,"2015-08-09",1,1,"2015-09-08 09:01:53","2016-02-21 09:13:15"
121839,"智能停车",,2,"2015-08-09",1,1,"2015-09-08 09:01:53","2016-02-21 09:13:15"
121842,"天津爆炸",,2,"2015-08-09",1,1,"2015-09-08 09:01:54","2016-02-21 09:13:15"
121853,"阿里京东",,2,"2015-08-09",1,1,"2015-09-08 09:01:54","2016-02-21 09:13:15"
121863,"徐翔",,2,"2015-08-09",1,1,"2015-09-08 09:01:55","2016-02-21 09:13:15"
121866,"救市",,2,"2015-08-09",1,1,"2015-09-08 09:01:55","2016-02-21 09:13:15"
121867,"国家队",,2,"2015-08-09",1,1,"2015-09-08 09:01:55","2016-02-21 09:13:16"
121868,"汇金",,2,"2015-08-09",1,1,"2015-09-08 09:01:55","2016-02-21 09:13:16"
121876,"双金",,2,"2015-08-09",1,1,"2015-09-08 09:01:56","2016-02-21 09:13:16"
121881,"国家政策",,2,"2015-08-09",1,1,"2015-09-08 09:01:56","2016-02-21 09:13:16"
121884,"汽车行业",,2,"2015-08-09",1,1,"2015-09-08 09:01:56","2016-02-21 09:13:16"
121889,"达沃斯",,2,"2015-08-09",1,1,"2015-09-08 09:01:56","2016-02-21 09:13:16"
121893,"破净",,2,"2015-08-09",1,1,"2015-09-08 09:01:57","2016-02-21 09:13:16"
121904,"金融十三五",,2,"2015-08-09",1,1,"2015-09-08 09:01:57","2016-02-21 09:13:16"
121907,"掘金受益",,2,"2015-08-11",1,1,"2015-09-10 09:00:03","2016-02-21 09:13:16"
121909,"核电走出去",,2,"2015-08-11",1,1,"2015-09-10 09:00:03","2016-02-21 09:13:16"
121916,"工程建设",,2,"2015-08-17",1,1,"2015-09-16 09:00:15","2016-02-21 09:13:16"
121918,"民生",,2,"2015-08-17",1,1,"2015-09-16 09:00:15","2016-02-21 09:13:16"
121928,"杭州",,2,"2015-08-27",1,1,"2015-09-26 09:00:55","2016-02-21 09:13:16"
121936,"中远中海重组",,2,"2015-08-27",1,1,"2015-09-26 09:00:56","2016-02-21 09:13:16"
121944,"石化行业十三五",,2,"2015-08-27",1,1,"2015-09-26 09:00:56","2016-02-21 09:13:16"
121946,"景点旅游",,2,"2015-08-27",1,1,"2015-09-26 09:00:56","2016-02-21 09:13:16"
121953,"飞机",,2,"2015-08-27",1,1,"2015-09-26 09:00:56","2016-02-21 09:13:16"
121955,"低估值绩优",,2,"2015-08-27",1,1,"2015-09-26 09:00:56","2016-02-21 09:13:16"
121962,"创新创业",,2,"2015-08-30",1,1,"2015-09-29 09:00:03","2016-02-21 09:13:16"
121968,"海绵城市",,1,"2015-12-14",1,1,"2015-10-09 09:00:04","2016-02-21 09:13:16"
121969,"题材",,2,"2015-09-09",1,1,"2015-10-09 09:00:04","2016-02-21 09:13:16"
121978,"历年",,2,"2015-09-14",1,1,"2015-10-14 09:00:03","2016-02-21 09:13:16"
121980,"这些",,2,"2015-09-14",1,1,"2015-10-14 09:01:46","2016-02-21 09:13:16"
121985,"TPP",,2,"2015-09-14",1,1,"2015-10-14 09:01:46","2016-02-21 09:13:16"
122000,"存储",,2,"2015-09-17",1,1,"2015-10-17 09:00:11","2016-02-21 09:13:16"
122004,"员工被套",,2,"2015-09-17",1,1,"2015-10-17 09:00:11","2016-02-21 09:13:16"
122009,"智慧交通",,2,"2015-09-17",1,1,"2015-10-17 09:00:11","2016-02-21 09:13:16"
122011,"云商",,2,"2015-09-17",1,1,"2015-10-17 09:00:11","2016-02-21 09:13:16"
122020,"出台",,2,"2015-09-21",1,1,"2015-10-21 09:00:03","2016-02-21 09:13:16"
122032,"政策受益",,2,"2015-09-29",1,1,"2015-10-29 09:00:02","2016-02-21 09:13:16"
122034,"教育产业",,2,"2015-09-29",1,1,"2015-10-29 09:00:30","2016-02-21 09:13:16"
122039,"国开行",,2,"2015-09-30",1,1,"2015-10-30 09:00:11","2016-02-21 09:13:16"
122044,"股市",,2,"2015-09-30",1,1,"2015-10-30 09:00:12","2016-02-21 09:13:16"
122058,"“十三五”规划",,2,"2015-10-06",1,1,"2015-11-05 09:00:03","2016-02-21 09:13:16"
122066,"规划",,2,"2015-10-06",1,1,"2015-11-05 09:00:03","2016-02-21 09:13:16"
122073,"智能安全",,2,"2015-10-07",1,1,"2015-11-06 09:00:03","2016-02-21 09:13:16"
122085,"新中国",,2,"2015-10-13",1,1,"2015-11-12 09:00:10","2016-02-21 09:13:17"
122093,"vr",,2,"2015-11-05",1,1,"2015-11-13 09:00:03","2016-02-21 09:13:17"
122102,"美女",,2,"2015-10-19",1,1,"2015-11-18 09:00:02","2016-02-21 09:13:17"
122112,"农产品",,2,"2015-10-22",1,1,"2015-11-21 09:00:03","2016-02-21 09:13:17"
122116,"年报高送转",,2,"2015-10-25",1,1,"2015-11-24 09:00:03","2016-02-21 09:13:17"
122119,"养老医疗",,2,"2015-10-25",1,1,"2015-11-24 09:00:12","2016-02-21 09:13:17"
122127,"送转预期",,2,"2015-10-28",1,1,"2015-11-27 09:00:10","2016-02-21 09:13:17"
122128,"亮点",,2,"2015-10-28",1,1,"2015-11-27 09:00:10","2016-02-21 09:13:17"
122139,"扶贫",,2,"2015-11-02",1,1,"2015-12-02 09:01:49","2016-02-21 09:13:17"
122146,"核电军工",,2,"2015-11-04",1,1,"2015-12-04 09:01:17","2016-02-21 09:13:17"
122166,"苹果ApplePay",,1,"2016-01-21",1,1,"2015-12-15 09:02:46","2016-02-21 09:13:17"
122172,"环保工程",,2,"2015-11-15",1,1,"2015-12-15 09:02:53","2016-02-21 09:13:17"
122178,"海绵",,2,"2015-11-15",1,1,"2015-12-15 09:03:04","2016-02-21 09:13:17"
122180,"知识产权",,2,"2015-11-15",1,1,"2015-12-15 09:03:06","2016-02-21 09:13:17"
122189,"半日",,2,"2015-11-16",1,1,"2015-12-16 09:01:51","2016-02-21 09:13:17"
122191,"IP电影",,1,"2016-01-16",1,1,"2015-12-16 09:01:54","2016-02-21 09:13:17"
122199,"影视传媒",,2,"2015-11-16",1,1,"2015-12-16 09:02:39","2016-02-21 09:13:17"
122211,"农村电商",,1,"2016-01-21",1,1,"2015-12-18 09:02:59","2016-02-21 09:13:17"
122214,"健康管理",,2,"2015-11-22",1,1,"2015-12-22 09:02:10","2016-02-21 09:13:17"
122217,"量子",,2,"2015-11-22",1,1,"2015-12-22 09:02:17","2016-02-21 09:13:17"
122219,"AR",,2,"2015-11-22",1,1,"2015-12-22 09:02:43","2016-02-21 09:13:17"
122223,"掘金农业",,2,"2015-11-22",1,1,"2015-12-22 09:02:54","2016-02-21 09:13:17"
122237,"险资增持",,2,"2015-11-24",1,1,"2015-12-24 09:02:34","2016-02-21 09:13:17"
122240,"中药材",,2,"2015-11-26",1,1,"2015-12-26 09:01:27","2016-02-21 09:13:17"
122242,"富勒烯",,1,"2016-01-09",1,1,"2015-12-27 09:00:49","2016-02-21 09:13:17"
122248,"三领域",,2,"2015-11-29",1,1,"2015-12-29 09:01:54","2016-02-21 09:13:17"
122250,"万科",,2,"2015-11-29",1,1,"2015-12-29 09:01:55","2016-02-21 09:13:17"
122251,"年底",,2,"2015-11-29",1,1,"2015-12-29 09:01:59","2016-02-21 09:13:17"
122262,"汽车后市场",,2,"2015-12-07",1,1,"2016-01-06 09:01:41","2016-02-21 09:13:17"
122265,"大领域",,2,"2015-12-07",1,1,"2016-01-06 09:01:46","2016-02-21 09:13:17"
122273,"新技术",,2,"2015-12-07",1,1,"2016-01-06 09:02:10","2016-02-21 09:13:17"
122276,"时尚",,2,"2015-12-13",1,1,"2016-01-12 09:02:34","2016-02-21 09:13:17"
122280,"港股",,2,"2015-12-13",1,1,"2016-01-12 09:02:45","2016-02-21 09:13:17"
122284,"供给侧改革",,2,"2015-12-13",1,1,"2016-01-12 09:02:53","2016-02-21 09:13:18"
122289,"产能",,2,"2015-12-13",1,1,"2016-01-12 09:03:01","2016-02-21 09:13:18"
